,,1,2,3,4,5,6,7,8,9,10,11,12,13,14,15,16,17,18,19,20,21,22,23,24,25,26,27,28,29,30,31,32,33,34,35,36,37,38,39,40,41,42,43,44,45,46,47,48,49,50,51,52,53,54,55,56,57,58,59,60,61,62,63,64,65,66,67,68,69,70,71,72,73,74,75,76,77,78,79,80,81,82,83,84,85,86,87,88,89,90,91,92,93,94,95,96,97,98,99,100,101,102,103,104,105,106,107,108,109,110,111,112,113,114,115,116,117,118,119,120,121,122,123,124,125,126,127,128,129,130,131,132,133,134,135,136,137,138,139,140,141,142,143,144,145,146,147,148,149,150,151,152,153,154,155,156,157,158,159,160,161,162,163,164,165,166,167,168,169,170,171,172,173,174,175,176,177,178,179
1,tajo-main.tajo-main.tajo-core.tajo-core.org.apache.tajo.engine.function.geoip,,,,,,,,,,,,,,,,,,,,,,,,,,,,,,,,,,,,,,,,,,,,,,,,,,,,,,,,,,,,,,,,,,,,,,,,,,,,,,,,,,,,,,,,,,,,,,,,,,,,,,,,,,,,,,,,,,,,,,,,,,,,,,,,,,,,,,,,,,,,,,,,,,,,,,,,,,,,,,,,,,,,,,,,,,,,,,,,,,,
2,tajo-main.tajo-main.tajo-core.tajo-core.org.apache.tajo.ha,,,,,,,,,,,,,,,,,,,,,,,,,,,,,,,,,,,,,,,,,,,,,,,,,,,,,,,,,,,,,,,,,,,,,,,,,,,,,,,,,,,,,,,,,,,,,,,,,,,,,,,,,,,,,,,,,,,,,,,,,,,,,,,,,,,,,,,,,,,,,,,,,,,,,,,,,,,,,,,,,,,,,,,,,,,,,,,,,,,
3,tajo-main.tajo-main.tajo-core.tajo-core.org.apache.tajo.worker.rule,,,,,,,,,,,,,,,,,,,,,,,,,,,,,,,,,,,,,,,,,,,,,,,,,,,,,,,,,,,,,,,,,,,,,,,,,,,,,,,,,,,,,,,,,,,,,,,,,,,,,,,,,,,,,,,,,,,,,,,,,,,,,,,,,,,,,,,,,,,,,,,,,,,,,,,,,,,,,,,,,,,,,,,,,,,,,,,,,,,
4,tajo-main.tajo-main.tajo-core.tajo-core.org.apache.tajo.ws.rs.resources,,,,,6,,,,,,,,,,,,,,,,,,,,,,,,,,,,,,,,,,,,,,,,,,,,,,,,,,,,,,,,,,,,,,,,,,,,,,,,,,,,,,,,,,,,,,,,,,,,,,,,,,,,,,,,,,,,,,,,,,,,,,,,,,,,,,,,,,,,,,,,,,,,,,,,,,,,,,,,,,,,,,,,,,,,,,,,,,,,,,
5,tajo-main.tajo-main.tajo-core.tajo-core.org.apache.tajo.ws.rs,,,,289,,,,,,,,,5,,,,,,,,,,,,,,,,,,,,,,,,,,,,,,,,,,,,,,,,,,,,,,,,,,,,,,,,,,,,,,,,,,,,,,,,,,,,,,,,,,,,,,,,,,,,,,,,,,,,,,,,,,,,,,,,,,,,,,,,,,,,,,,,,,,,,,,,,,,,,,,,,,,,,,,,,,,,,,,,,,,,,,
6,tajo-main.tajo-main.tajo-core.tajo-core.org.apache.tajo.ws.rs.resources.outputs,,,,6,,,,,,,,,,,,,,,,,,,,,,,,,,,,,,,,,,,,,,,,,,,,,,,,,,,,,,,,,,,,,,,,,,,,,,,,,,,,,,,,,,,,,,,,,,,,,,,,,,,,,,,,,,,,,,,,,,,,,,,,,,,,,,,,,,,,,,,,,,,,,,,,,,,,,,,,,,,,,,,,,,,,,,,,,,,,,,,
7,tajo-main.tajo-main.tajo-core.tajo-core.org.apache.tajo.master.exec,,,,8,3,9,,,,,,,28,,,,,,,,,,,,,,,,,9,,,,,,,,,,,,,,,,,,,,,,,,,,,,,,,,,,,,,,,,,,,,,,,,,,,,,,,,,,,,,,,,,,,,,,,,,,,,,,,,,,,,,,,,,,,,,,,,,,,,,,,,,,,,,,,,,,,,,,,,,,,,,,,,,,,,,,,,,,,,,,,,,,,,,
8,tajo-main.tajo-main.tajo-core.tajo-core.org.apache.tajo.metrics,,,,,,,,,,,,,2,,,,,,,,,,,,,,,,,,,,,,,,,,,,,,,,,,,,,,,,,,,,,,,,,,,,,,,,,,,,,,,,,,,,,,,,,,,,,,,,,,,,,,,,,,,,,,,,,,,,,,,,,,,,,,,,,,,,,,,,,,,,,,,,,,,,,,,,,,,,,,,,,,,,,,,,,,,,,,,,,,,,,,
9,tajo-main.tajo-main.tajo-core.tajo-core.org.apache.tajo.querymaster,,,,4,,,,,,,,20,20,,,,31,,,9,,,,,,,,,,,,,,,,,,,,,,,,,,,,,,,,,,,,,,,,,,,,,,,,,,,,,,,,,,,,,,,,,,,,,,,,,,,,,,,,,,,,,,,,,,,,,,,,,,,,,,,,,,,,,,,,,,,,,,,,,,,,,,,,,,,,,,,,,,,,,,,,,,,,,,,,,,,,,,,
10,tajo-main.tajo-main.tajo-core.tajo-core.org.apache.tajo.webapp,,,,,,,,,,,,,10,,,,11,,,,,,,,,,,,,,,,,,,,,,,,,,,,,,,,,,,,,,,,,,,,,,,,,,,,,,,,,,,,,,,,,,,,,,,,,,,,,,,,,,,,,,,,,,,,,,,,,,,,,,,,,,,,,,,,,,,,,,,,,,,,,,,,,,,,,,,,,,,,,,,,,,,,,,,,,,,,,,,,,,
11,tajo-main.tajo-main.tajo-core.tajo-core.org.apache.tajo.master.scheduler,,,,,,,,8,,,,,4,,,,,,,,,,,,,,,9,,,,,,,,,,,,,,,,,,,,,,,,,,,,,,,,,,,,,,,,,,,,,,,,,,,,,,,,,,,,,,,,,,,,,,,,,,,,,,,,,,,,,,,,,,,,,,,,,,,,,,,,,,,,,,,,,,,,,,,,,,,,,,,,,,,,,,,,,,,,,,,,,,,,,,,
12,tajo-main.tajo-main.tajo-core.tajo-core.org.apache.tajo.util,10,,1,,,,1,,9,1,,,8,,,,9,,,,,,,,,,,,2,,,,,,,,,,,,,,,,,,,,,,,,,,,,,,,,,,,,,,,,,,,,,,,,,,,,,,,,,,,,,,,,,,,,,,,,,,,,,,,,,,,,,,,,,,,,,,,,,,,,,,,,,,,,,,,,,,,,,,,,,,,,,,,,,,,,,,,,,,,,,,,,,,,,,,
13,tajo-main.tajo-main.tajo-core.tajo-core.org.apache.tajo.master,,2,,80,7,,72,8,31,1,24,7,,,10,,,,,5,,,,,,,3,3,,,,,,,,,,,,,,,,,,,,,,,,,,,,,,,,,,,,,,,,,,,,,,,,,,,,,,,,,,,,,,,,,,,,,,,,,,,,,,,,,,,,,,,,,,,,,,,,,,,,,,,,,,,,,,,,,,,,,,,,,,,,,,,,,,,,,,,,,,,,,,,,,,,,,,,
14,tajo-main.tajo-main.tajo-core.tajo-core.org.apache.tajo.engine.utils,,,,,,,,,2,,,,,,,8,17,,,,,,,,,,,,,,,,,,,,,,,,,,,,,,,,,,,,,,,,,,,,,,,,,,,,,,,,,,,,,,,,,,,,,,,,,,,,,,,,,,,,,,,,,,,,,,,,,,,,,,,,,,,,,,,,,,,,,,,,,,,,,,,,,,,,,,,,,,,,,,,,,,,,,,,,,,,,,,,,,,
15,tajo-main.tajo-main.tajo-core.tajo-core.org.apache.tajo.util.history,,,,,,,,,73,,,14,22,,,,28,,,,,,,,,,,,,,,,,,,,,,,,,,,,,,,,,,,,,,,,,,,,,,,,,,,,,,,,,,,,,,,,,,,,,,,,,,,,,,,,,,,,,,,,,,,,,,,,,,,,,,,,,,,,,,,,,,,,,,,,,,,,,,,,,,,,,,,,,,,,,,,,,,,,,,,,,,,,,,,,,,
16,tajo-main.tajo-main.tajo-core.tajo-core.org.apache.tajo.engine.planner.physical,,,,,,,47,,,,,,,13,,,9,174,,,,,,,,,,,,,,,,,,,,,,,,,,,,,,,,,,,,,,,,,,,,,,,,,,,,,,,,,,,,,,,,,,,,,,,,,,,,,,,,,,,,,,,,,,,,,,,,,,,,,,,,,,,,,,,,,,,,,,,,,,,,,,,,,,,,,,,,,,,,,,,,,,,,,,,,,,,,,,,,,
17,tajo-main.tajo-main.tajo-core.tajo-core.org.apache.tajo.worker,,,,,,,21,,79,1,,,,4,7,161,,80,,,,,,,,2,,,,,8,,,,,,,,,,,,,,,,,,,,,,,,,,,,,,,,,,,,,,,,,,,,,,,,,,,,,,,,,,,,,,,,,,,,,,,,,,,,,,,,,,,,,,,,,,,,,,,,,,,,,,,,,,,,,,,,,,,,,,,,,,,,,,,,,,,,,,,,,,,,,,,,,,,,
18,tajo-main.tajo-main.tajo-core.tajo-core.org.apache.tajo.engine.planner,,,,,,,7,,7,,,,,,,121,4,,,,,,,,,,,,,,,,,,,,,,,,,,,,,,,,,,,,,,,,,,,,,,,,,,,,,,,,,,,,,,,,,,,,,,,,,,,,,,,,,,,,,,,,,,,,,,,,,,,,,,,,,,,,,,,,,,,,,,,,,,,,,,,,,,,,,,,,,,,,,,,,,,,,,,,,,,,,,,,,,,
19,tajo-main.tajo-main.tajo-core.tajo-core.org.apache.tajo.engine.planner.global.rewriter.rules,,,,,,,,,1,,,,,,,,,,,,,,2,,,,,,,,,,,,,,,,,,,,,,,,,,,,,,,,,,,,,,,,,,,,,,,,,,,,,,,,,,,,,,,,,,,,,,,,,,,,,,,,,,,,,,,,,,,,,,,,,,,,,,,,,,,,,,,,,,,,,,,,,,,,,,,,,,,,,,,,,,,,,,,,,,,,,,,,,,,,
20,tajo-main.tajo-main.tajo-core.tajo-core.org.apache.tajo.master.event,,,,,,,,,490,,,,,,,,,,,,,,,,,,,,,,,,,,,,,,,,,,,,,,,,,,,,,,,,,,,,,,,,,,,,,,,,,,,,,,,,,,,,,,,,,,,,,,,,,,,,,,,,,,,,,,,,,,,,,,,,,,,,,,,,,,,,,,,,,,,,,,,,,,,,,,,,,,,,,,,,,,,,,,,,,,,,,,,,,,
21,tajo-main.tajo-main.tajo-core.tajo-core.org.apache.tajo.master.exec.prehook,,,,,,,10,,,,,,,,,,,,,,,,,,,,,,,,,,,,,,,,,,,,,,,,,,,,,,,,,,,,,,,,,,,,,,,,,,,,,,,,,,,,,,,,,,,,,,,,,,,,,,,,,,,,,,,,,,,,,,,,,,,,,,,,,,,,,,,,,,,,,,,,,,,,,,,,,,,,,,,,,,,,,,,,,,,,,,,,,,,,
22,tajo-main.tajo-main.tajo-core.tajo-core.org.apache.tajo.engine.planner.global.builder,,,,,,,,,,,,,,,,,,,,,,,,,,4,,,,,,,,,,,,,,,,,,,,,,,,,,,,,,,,,,,,,,,,,,,,,,,,,,,,,,,,,,,,,,,,,,,,,,,,,,,,,,,,,,,,,,,,,,,,,,,,,,,,,,,,,,,,,,,,,,,,,,,,,,,,,,,,,,,,,,,,,,,,,,,,,,,,,,,,,
23,tajo-main.tajo-main.tajo-core.tajo-core.org.apache.tajo.engine.planner.global.rewriter,,,,,,,,,,,,,,,,,,,2,,,,,,,7,,,,,,,,,,,,,,,,,,,,,,,,,,,,,,,,,,,,,,,,,,,,,,,,,,,,,,,,,,,,,,,,,,,,,,,,,,,,,,,,,,,,,,,,,,,,,,,,,,,,,,,,,,,,,,,,,,,,,,,,,,,,,,,,,,,,,,,,,,,,,,,,,,,,,,,,,
24,tajo-main.tajo-main.tajo-core.tajo-core.org.apache.tajo.engine.query,,,,1,,,35,,60,,2,,35,,,22,32,8,1,3,17,,,,,6,,,,,,,,,,,,,,,,,,,,,,,,,,,,,,,,,,,,,,,,,,,,,,,,,,,,,,,,,,,,,,,,,,,,,,,,,,,,,,,,,,,,,,,,,,,,,,,,,,,,,,,,,,,,,,,,,,,,,,,,,,,,,,,,,,,,,,,,,,,,,,,,,,,,,,,,,
25,tajo-main.tajo-main.tajo-core.tajo-core.org.apache.tajo.ws.rs.responses,,,,32,6,,,,,,,,,,,,,,,,,,,,,,,,,,,,,,,,,,,,,,,,,,,,,,,,,,,,,,,,,,,,,,,,,,,,,,,,,,,,,,,,,,,,,,,,,,,,,,,,,,,,,,,,,,,,,,,,,,,,,,,,,,,,,,,,,,,,,,,,,,,,,,,,,,,,,,,,,,,,,,,,,,,,,,,,,,,,,,
26,tajo-main.tajo-main.tajo-core.tajo-core.org.apache.tajo.engine.planner.global,,,,,,,32,,232,,,,,,,,6,9,109,,,61,3,8,,,,,,,,,,,,,,,,,,,,,,,,,,,,,,,,,,,,,,,,,,,,,,,,,,,,,,,,,,,,,,,,,,,,,,,,,,,,,,,,,,,,,,,,,,,,,,,,,,,,,,,,,,,,,,,,,,,,,,,,,,,,,,,,,,,,,,,,,,,,,,,,,,,,,,,,,,,
27,tajo-main.tajo-main.tajo-core.tajo-core.org.apache.tajo.io,,,,1,,,5,,,,,,5,,,,,,,,,,,,,,,,,,,,,,,,,,,,,,,,,,,,,,,,,,,,,,,,,,,,,,,,,,,,,,,,,,,,,,,,,,,,,,,,,,,,,,,,,,,,,,,,,,,,,,,,,,,,,,,,,,,,,,,,,,,,,,,,,,,,,,,,,,,,,,,,,,,,,,,,,,,,,,,,,,,,,,
28,tajo-main.tajo-main.tajo-core.tajo-core.org.apache.tajo.master.rm,,,,3,,,17,19,,,27,,40,,,,,,,,,,,,7,,,,,,,,,,,,,,,,,,,,,,,,,,,,,,,,,,,,,,,,,,,,,,,,,,,,,,,,,,,,,,,,,,,,,,,,,,,,,,,,,,,,,,,,,,,,,,,,,,,,,,,,,,,,,,,,,,,,,,,,,,,,,,,,,,,,,,,,,,,,,,,,,,,,,,,,,,
29,tajo-main.tajo-main.tajo-core.tajo-core.org.apache.tajo.parser.sql,,,,,,,,,,,,,8,,,,,,,,,,,,,,,,,,,,,,,,,,,,,,,,,,,,,,,,,,,,,,,,,,,,,,,,,,,,,,,,,,,,,,,,,,,,,,,,,,,,,,,,,,,,,,,,,,,,,,,,,,,,,,,,,,,,,,,,,,,,,,,,,,,,,,,,,,,,,,,,,,,,,,,,,,,,,,,,,,,,,,
30,tajo-main.tajo-main.tajo-core.tajo-core.org.apache.tajo.session,,,,21,,,17,,7,,,,143,,,,,,,3,,,,2,,,,,,,,,,,,,,,,,,,,,,,,,,,,,,,,,,,,,,,,,,,,,,,,,,,,,,,,,,,,,,,,,,,,,,,,,,,,,,,,,,,,,,,,,,,,,,,,,,,,,,,,,,,,,,,,,,,,,,,,,,,,,,,,,,,,,,,,,,,,,,,,,,,,,,,,,,,
31,tajo-main.tajo-main.tajo-core.tajo-core.org.apache.tajo.worker.event,,,,,,,,,11,,,,,,,,81,,,,,,,,,,,,,,,,,,,,,,,,,,,,,,,,,,,,,,,,,,,,,,,,,,,,,,,,,,,,,,,,,,,,,,,,,,,,,,,,,,,,,,,,,,,,,,,,,,,,,,,,,,,,,,,,,,,,,,,,,,,,,,,,,,,,,,,,,,,,,,,,,,,,,,,,,,,,,,,,,,
32,tajo-main.tajo-main.tajo-common.tajo-common.org.apache.hadoop.yarn.proto,,,,,,,,,,,,3,,,,,,,,,,,,,,,,,,,,,,,,,,,,,,,,,,,,,,,,,,,,,,,,,,,,,,,,,,,,,,,,,,,,,,,,,,,,,,,,,,,,,,,,,,,,,,,,,,,,,,,,,,,,,,,,,,,,,,,,,,,,,,,,,,,,,,,,,,,,,,,,,,,,,,,,,,,,,,,,,,,,,,,
33,tajo-main.tajo-main.tajo-common.tajo-common.org.apache.tajo.rule.base,,,,,,,,,,,,,,,,,,,,,,,,,,,,,,,,,,,,,,,,,,,,,,,,,,,,,,,,,,,,,,,,,,,,,,,,,,,,,,,,,,,,,,,,,,,,,,,,,,,,,,,,,,,,,,,,,,,,,,,,,,,,,,,,,,,,,,,,,,,,,,,,,,,,,,,,,,,,,,,,,,,,,,,,,,,,,,,,,,,
34,tajo-main.tajo-main.tajo-core.tajo-core.org.apache.tajo.master.rule,,,,,,,,,,,,,,,,,,,,,,,,,,,,,,,,,,,,,,,,,,,,,,,,,,,,,,,,,,,,,,,,,,,,,,,,,,,,,,,,,,,,,,,,,,,,,,,,,,,,,,,,,,,,,,,,,,,,,,,,,,,,,,,,,,,,,,,,,,,,,,,,,,,,,,,,,,,,,,,,,,,,,,,,,,,,,,,,,,,
35,tajo-main.tajo-main.tajo-cli.tajo-cli.org.apache.tajo.cli.tsql.commands,,,,,,,,,,,,,,,,,,,,,,,,,,,,,,,,,,,,25,,,,,,,,,,,,,,,,,,,,,,,,,,,,,,,,,,,,,,,,,,,,,,,,,,,,,,,,,,,,,,,,,,,,,,,,,,,,,,,,,,,,,,,,,,,,,,,,,,,,,,,,,,,,,,,,,,,,,,,,,,,,,,,,,,,,,,,,,,,,,,,
36,tajo-main.tajo-main.tajo-cli.tajo-cli.org.apache.tajo.cli.tsql,,,,,,,,,,,,,,,,,,,,,,,,,,,,,,,,,,,61,,,,,,,,,,,,,,,,,,,,,,,,,,,,,,,,,,,,,,,,,,,,,,,,,,,,,,,,,,,,,,,,,,,,,,,,,,,,,,,,,,,,,,,,,,,,,,,,,,,,,,,,,,,,,,,,,,,,,,,,,,,,,,,,,,,,,,,,,,,,,,,,
37,tajo-main.tajo-main.tajo-core.tajo-core.org.apache.tajo.util.metrics,,,,,,,,,,,,,13,,,,9,,,,,,,,,,,,,,,,,,,,,7,,,,,,,,,,,,,,,,,,,,,,,,,,,,,,,,,,,,,,,,,,,,,,,,,,,,,,,,,,,,,,,,,,,,,,,,,,,,,,,,,,,,,,,,,,,,,,,,,,,,,,,,,,,,,,,,,,,,,,,,,,,,,,,,,,,,,,,,,,,,,
38,tajo-main.tajo-main.tajo-core.tajo-core.org.apache.tajo.util.metrics.reporter,,,,,,,,,,,,,,,,,,,,,,,,,,,,,,,,,,,,,9,,,,,,,,,,,,,,,,,,,,,,,,,,,,,,,,,,,,,,,,,,,,,,,,,,,,,,,,,,,,,,,,,,,,,,,,,,,,,,,,,,,,,,,,,,,,,,,,,,,,,,,,,,,,,,,,,,,,,,,,,,,,,,,,,,,,,,,,,,,,,,
39,tajo-main.tajo-main.tajo-common.tajo-common.org.apache.hadoop.security.proto,,,,,,,,,,,,,,,,,,,,,,,,,,,,,,,,130,,,,,,,,,,,,,,,,,,,,,,,,,,,,,,,,,,,,,,,,,,,,,,,,,,,,,,,,,,,,,,,,,,,,,,,,,,,,,,,,,,,,,,,,,,,,,,,,,,,,,,,,,,,,,,,,,,,,,,,,,,,,,,,,,,,,,,,,,,,,,,,,,,,
40,tajo-main.tajo-main.tajo-common.tajo-common.org.apache.tajo.rule,,,15,,,,,,,,,,10,,,,10,,,,,,,,,,,,,,,,27,15,,,,,,,,,,,,,,,,,,,,,,,,,,,,,,,,,,,,,,,,,,,,,,,,,,,,,,,,,,,,,,,,,,,,,,,,,,,,,,,,,,,,,,,,,,,,,,,,,,,,,,,,,,,,,,,,,,,,,,,,,,,,,,,,,,,,,,,,,,,,,,,,,
41,tajo-main.tajo-main.tajo-core.tajo-core.org.apache.tajo.ws.rs.annotation,,,,,,4,,,,,,,,,,,,,,,,,,,,,,,,,,,,,,,,,,,,,,,,,,,,,,,,,,,,,,,,,,,,,,,,,,,,,,,,,,,,,,,,,,,,,,,,,,,,,,,,,,,,,,,,,,,,,,,,,,,,,,,,,,,,,,,,,,,,,,,,,,,,,,,,,,,,,,,,,,,,,,,,,,,,,,,,,,,,,
42,tajo-main.tajo-main.tajo-core.tajo-core.org.apache.tajo.ws.rs.requests,,,,10,,,,,,,,,,,,,,,,,,,,,,,,,,,,,,,,,,,,,,,,,,,,,,,,,,,,,,,,,,,,,,,,,,,,,,,,,,,,,,,,,,,,,,,,,,,,,,,,,,,,,,,,,,,,,,,,,,,,,,,,,,,,,,,,,,,,,,,,,,,,,,,,,,,,,,,,,,,,,,,,,,,,,,,,,,,,,,,
43,tajo-main.tajo-main.tajo-metrics.tajo-metrics.org.apache.tajo.metrics,,,,,,,,8,,,,,5,,,,3,,,,,,,,,,,,,,,,,,,,9,,,,,,,,,,,,,,,,,,,,,,,,,,,,,,,,,,,,,,,,,,,,,,,,,,,,,,,,,,,,,,,,,,,,,,,,,,,,,,,,,,,,,,,,,,,,,,,,,,,,,,,,,,,,,,,,,,,,,,,,,,,,,,,,,,,,,,,,,,,,,,
44,tajo-main.tajo-main.tajo-rpc.tajo-ws-rs.tajo-ws-rs.org.apache.tajo.ws.rs,,,,,1,,,,,,,,,,,,,,,,,,,,,,,,,,,,,,,,,,,,,,,,,,,,,,,,,,,,,,,,,,,,,,,,,,,,,,,,,,,,,,,,,,,,,,,,,,,,,,,,,,,,,,,,,,,,,,,,,,,,,,,,,,,,,,,,,,,,,,,,,,,,,,,,,,,,,,,,,,,,,,,,,,,,,,,,,,,,,,
45,tajo-main.tajo-main.tajo-sql-parser.tajo-sql-parser.org.apache.tajo.parser.sql,,,,,,,,,,,,,,,,,,,,,,,,,,,,,935,,,,,,,2,,,,,,,,,,,,,,,,,,,,,,,,,,,,,,,,,,,,,,,,,,,,,,,,,,,,,,,,,,,,,,,,,,,,,,,,,,,,,,,,,,,,,,,,,,,,,,,,,,,,,,,,,,,,,,,,,,,,,,,,,,,,,,,,,,,,,,,,,,,,,,,
46,tajo-main.tajo-main.tajo-jdbc.tajo-jdbc.org.apache.tajo.jdbc,,,,,,,,,,,,,,,,,,,,,,,,,,,,,,,,,,,,,,,,,,,,,,,,,,,,,,,,,,,,,,,,,,,,,,,,,,,,,,,,,,,,,,,,,,,,,,,,,,,,,,,,,,,,,,,,,,,,,,,,,,,,,,,,,,,,,,,,,,,,,,,,,,,,,,,,,,,,,,,,,,,,,,,,,,,,,,,,,,,
47,tajo-main.tajo-main.tajo-jdbc.tajo-jdbc.org.apache.tajo.jdbc.util,,,,,,,,,,,,,,,,,,,,,,,,,,,,,,,,,,,,,,,,,,,,,,3,,,,,,,,,,,,,,,,,,,,,,,,,,,,,,,,,,,,,,,,,,,,,,,,,,,,,,,,,,,,,,,,,,,,,,,,,,,,,,,,,,,,,,,,,,,,,,,,,,,,,,,,,,,,,,,,,,,,,,,,,,,,,,,,,,,,,
48,tajo-main.tajo-main.tajo-storage.tajo-storage-hdfs.tajo-storage-hdfs.org.apache.tajo.storage.parquet,,,,,,,,,,,,,,,,,,,,,,,,,,,,,,,,,,,,,,,,,,,,,,,,,,,,,,,,,,,,,,,,,,,,,,,,,,,,,,,,,,,,,,,,,,,,,,,,,,,,,,,,,,,,,,,,,,,,,,,,,,,,,,,,,,,,,,,,,,,,,,,,,,,,,,,,,,,,,,,,,,,,,,,,,,,,,,,,,,,
49,tajo-main.tajo-main.tajo-storage.tajo-storage-hdfs.tajo-storage-hdfs.org.apache.tajo.storage.thirdparty.parquet,,,,,,,,,,,,,,,,,,,,,,,,,,,,,,,,,,,,,,,,,,,,,,,,7,,,,,,,,,,,,,,,,,,,,,,,,,,,,,,,,,,,,,,,,,,,,,,,,,,,,,,,,,,,,,,,,,,,,,,,,,,,,,,,,,,,,,,,,,,,,,,,,,,,,,,,,,,,,,,,,,,,,,,,,,,,,,,,,,,,
50,tajo-main.tajo-main.tajo-storage.tajo-storage-hdfs.tajo-storage-hdfs.org.apache.tajo.storage.sequencefile,,,,,,,,,,,,,,,,,,,,,,,,,,,,,,,,,,,,,,,,,,,,,,,,,,,,,,,,,,,,,,,,,,,,,,,,,,,,,,,,,,,,,,,,,,,,,,,,,,,,,,,,,,,,,,,,,,,,,,,,,,,,,,,,,,,,,,,,,,,,,,,,,,,,,,,,,,,,,,,,,,,,,,,,,,,,,,,,,,,
51,tajo-main.tajo-main.tajo-storage.tajo-storage-common.tajo-storage-common.org.apache.tajo.storage.exception,,,,,,,,,,,,,,,,,,,,,,,,,,,,,,,,,,,,,,,,,,,,,,,,,,2,,,,,,,,,,,,,,,,,,,,,,,,,,,,,,,,,,,,,,,,,,,,,,,,,,,,,,,,,,,,,,,,,,,,,,,,,,,,,,,,,,,,,,,,,,,,,,,,,,,,,,,,,,,,,,,,,,,,,,,,,,,,,,,,,
52,tajo-main.tajo-main.tajo-client-example.tajo-client-example.org.apache.tajo.client.v2.example,,,,,,,,,,,,,,,,,,,,,,,,,,,,,,,,,,,,,,,,,,,,,,,,,,,,,,,,,,,,,,,,,,,,,,,,,,,,,,,,,,,,,,,,,,,,,,,,,,,,,,,,,,,,,,,,,,,,,,,,,,,,,,,,,,,,,,,,,,,,,,,,,,,,,,,,,,,,,,,,,,,,,,,,,,,,,,,,,,,
53,tajo-main.tajo-main.tajo-catalog.tajo-catalog-server.tajo-catalog-server.org.apache.tajo.catalog,,,,,,,,,,,,,11,,,,,,,,,,,,,,,,,,,,,,,,,,,,,,,,,,,,,,,,,,,,,,,,,,,,,,,,,,,,,,,,,,,,,,,,,,,,,,,,,,,,,,,,,,,,,,,,,,,,,,,,,,,,,,,,,,,,,,,,,,,,,,,,,,,,,,,,,,,,,,,,,,,,,,,,,,,,,,,,,,,,,,
54,tajo-main.tajo-main.tajo-cli.tajo-cli.org.apache.tajo.cli.tools,,,,,,,,,,,,,,,,,,,,,,,,,,,,,,,,,,,12,,,,,,,,,,,,,,,,,,,,,,,,,,,,,,,,,,,,,,,,,,,,,,,,,,,,,,,,,,,,,,,,,,,,,,,,,,,,,,,,,,,,,,,,,,,,,,,,,,,,,,,,,,,,,,,,,,,,,,,,,,,,,,,,,,,,,,,,,,,,,,,,
55,tajo-main.tajo-main.tajo-client-example.tajo-client-example.org.apache.tajo.client.v1.example,,,,,,,,,,,,,,,,,,,,,,,,,,,,,,,,,,,,,,,,,,,,,,,,,,,,,,,,,,,,,,,,,,,,,,,,,,,,,,,,,,,,,,,,,,,,,,,,,,,,,,,,,,,,,,,,,,,,,,,,,,,,,,,,,,,,,,,,,,,,,,,,,,,,,,,,,,,,,,,,,,,,,,,,,,,,,,,,,,,
56,tajo-main.tajo-main.tajo-client.tajo-client.org.apache.tajo.client.v2,,,,,,,,,,,,,,,,,,,,,,,,,,,,,,,,,,,,,,,,,,,,,,,,,,,,13,,,,,,,,,,,,,,,,,,,,,,,,,,,,,,,,,,,,,,,,,,,,,,,,,,,,,,,,,,,,,,,,,,,,,,,,,,,,,,,,,,,,,,,,,,,,,,,,,,,,,,,,,,,,,,,,,,,,,,,,,,,,,,,
57,tajo-main.tajo-main.tajo-core.tajo-core.org.apache.tajo.benchmark,,,,,,,,,,,,,,,,,,,,,,,,,,,,,,,,,,,,,,,,,,,,,,,,,,,,,,,,,,,,,,,,,,,,,,,,,,,,,,,,,,,,,,,,,,,,,,,,,,,,,,,,,,,,,,,,,,,,,,,,,,,,,,,,,,,,,,,,,,,,,,,,,,,,,,,,,,,,,,,,,,,,,,,,,,,,,,,,,,,
58,tajo-main.tajo-main.tajo-tablespace-example.tajo-tablespace-example.org.apache.tajo.storage.http,,,,,,,,,,,,,,,,,,,,,,,,,,,,,,,,,,,,,,,,,,,,,,,,,,,,,,,,,,,,,,,,,,,,,,,,,,,,,,,,,,,,,,,,,,,,,,,,,,,,,,,,,,,,,,,,,,,,,,,,,,,,,,,,,,,,,,,,,,,,,,,,,,,,,,,,,,,,,,,,,,,,,,,,,,,,,,,,,,,
59,tajo-main.tajo-main.tajo-yarn.tajo-yarn.org.apache.tajo.yarn,,,,,,,,,,,,,,,,,,,,,,,,,,,,,,,,,,,,,,,,,,,,,,,,,,,,,,,,,,,,,,,,,,,,,,,,,,,,,,,,,,,,,,,,,,,,,,,,,,,,,,,,,,,,,,,,,,,,,,,,,,,,,,,,,,,,,,,,,,,,,,,,,,,,,,,,,,,,,,,,,,,,,,,,,,,,,,,,,,,
60,tajo-main.tajo-main.tajo-catalog.tajo-catalog-client.tajo-catalog-client.org.apache.tajo.catalog,,,,,,,,,,,,,,,,,5,,,,,,,,,,,,,,,,,,,,,,,,,,,,,,,,,,,,85,,,,,,,,,,,,,,,,,,,,,,,,,,,,,,,,,,,,,,,,,,,,,,,,,,,,,,,,,,,,,,,,,,,,,,,,,,,,,,,,,,,,,,,,,,,,,,,,,,,,,,,,,,,,,,,,,,,,,,,,,,,,,,
61,tajo-main.tajo-main.tajo-catalog.tajo-catalog-drivers.tajo-hive.tajo-hive.org.apache.tajo.catalog.store,,,,,,,,,,,,,,,,,,,,,,,,,,,,,,,,,,,,,,,,,,,,,,,,,,,,,,,,,,,,,,,,,,,,,,,,,,,,,,,,,,,,,,,,,,,,,,,,,,,,,,,,,,,,,,,,,,,,,,,,,,,,,,,,,,,,,,,,,,,,,,,,,,,,,,,,,,,,,,,,,,,,,,,,,,,,,,,,,,,
62,tajo-main.tajo-main.tajo-storage.tajo-storage-hdfs.tajo-storage-hdfs.org.apache.tajo.storage.avro,,,,,,,,,,,,,,,,,,,,,,,,,,,,,,,,,,,,,,,,,,,,,,,,,,,,,,,,,,,,,,,,,,,,,,,,,,,,,,,,,,,,,,,,,,,,,,,,,,,,,,,,,,,,,,,,,,,,,,,,,,,,,,,,,,,,,,,,,,,,,,,,,,,,,,,,,,,,,,,,,,,,,,,,,,,,,,,,,,,
63,tajo-main.tajo-main.tajo-storage.tajo-storage-hdfs.tajo-storage-hdfs.org.apache.tajo.storage.json,,,,,,,,,,,,,,,,,,,,,,,,,,,,,,,,,,,,,,,,,,,,,,,,,,,,,,,,,,7,,,,,,,,,,,,,,,,,,,,,,,,,,,,,,,,,,,,,,,,,,,,,,,,,,,,,,,,,,,,,,,,,,,,,,,,,,,,,,,,,,,,,,,,,,,,,,,,,,,,,,,,,,,,,,,,,,,,,,,,,
64,tajo-main.tajo-main.tajo-storage.tajo-storage-hdfs.tajo-storage-hdfs.org.apache.tajo.storage.regex,,,,,,,,,,,,,,,,,,,,,,,,,,,,,,,,,,,,,,,,,,,,,,,,,,,,,,,,,,,,,,,,,,,,,,,,,,,,,,,,,,,,,,,,,,,,,,,,,,,,,,,,,,,,,,,,,,,,,,,,,,,,,,,,,,,,,,,,,,,,,,,,,,,,,,,,,,,,,,,,,,,,,,,,,,,,,,,,,,,
65,tajo-main.tajo-main.tajo-storage.tajo-storage-kafka.tajo-storage-kafka.org.apache.tajo.storage.kafka,,,,,,,,,,,,,,,,,,,,,,,,,,,,,,,,,,,,,,,,,,,,,,,,,,,,,,,,,,,,,,,,,,,,,,,,,,,,,,,,,,,,,,,,,,,,,,,,,,,,,,,,,,,,,,,,,,,,,,,,,,,,,,,,,,,,,,,,,,,,,,,,,,,,,,,,,,,,,,,,,,,,,,,,,,,,,,,,,,,
66,tajo-main.tajo-main.tajo-storage.tajo-storage-s3.tajo-storage-s3.org.apache.tajo.storage.s3,,,,,,,,,,,,,,,,,,,,,,,,,,,,,,,,,,,,,,,,,,,,,,,,,,,,,,,,,,,,,,,,,,,,,,,,,,,,,,,,,,,,,,,,,,,,,,,,,,,,,,,,,,,,,,,,,,,,,,,,,,,,,,,,,,,,,,,,,,,,,,,,,,,,,,,,,,,,,,,,,,,,,,,,,,,,,,,,,,,
67,tajo-main.tajo-main.tajo-storage.tajo-storage-hdfs.tajo-storage-hdfs.org.apache.tajo.storage.orc,,,,,,,,,,,,,,,,,,,,,,,,,,,,,,,,,,,,,,,,,,,,,,,,,,,,,,,,,,,,,,,,,,,,2,,,,,,,,,,,,,,,,,,,,,,,,,,,,,,,,,,,,,,,,,,,,,,,,,,,,,,,,,,,,,,,,,,,,,,,,,,,,,,,,,,,,,,,,,,,,,,,,,,,,,,,,,,,,,,,
68,tajo-main.tajo-main.tajo-storage.tajo-storage-hdfs.tajo-storage-hdfs.org.apache.tajo.storage.thirdparty.orc,,,,,,,,,,,,,,,,,,,,,,,,,,,,,,,,,,,,,,,,,,,,,,,,,,,,,,,,,,,,,,,,,,,36,,,,,,,,,,,,,,,,,,,,,,,,,,,,,,,,,,,,,,,,,,,,,,,,,,,,,,,,,,,,,,,,,,,,,,,,,,,,,,,,,,,,,,,,,,,,,,,,,,,,,,,,,,,,,,,,
69,tajo-main.tajo-main.tajo-pullserver.tajo-pullserver.org.apache.tajo.pullserver,,,,,,,,,15,,,,,,,,68,,,,,,,,,,,,,,,,,,,,,,,,,,,,,,,,,,,,,,,,,,14,,,,,,,,,,,5,,,,,,,,,,,,,,,,,,,,,,,,,,,,,,,,,,,,,,,,,,,,,,,,,,,,,,,,,,,,,,,,,,,,,,,,,,,,,,,,,,,,,,,,,,,,,,,,,,,,,,,,,,,,,
70,tajo-main.tajo-main.tajo-pullserver.tajo-pullserver.org.apache.tajo.pullserver.retriever,,,,,,,,,,,,,,,,,48,,,,,,,,,,,,,,,,,,,,,,,,,,,,,,,,,,,,,,,,,,16,,,,,,,,,,41,,,,,,,,,,,,,,,,,,,,,,,,,,,,,,,,,,,,,,,,,,,,,,,,,,,,,,,,,,,,,,,,,,,,,,,,,,,,,,,,,,,,,,,,,,,,,,,,,,,,,,,,,,,,,,
71,tajo-main.tajo-main.tajo-client.tajo-client.org.apache.tajo.client,,,,,,,,,,36,,,,,,,,,,,,,,,,,,,,,,,,,27,53,,,,,,,,,,53,,,,,,2,,26,9,39,11,,,,,,,,,,,,,,,18,,,,,,,,,,,,,,,,,,,,,,,,,,,,,,,,,,,,,,,,,,,,,,,,,,,,,,,,,,,,,,,,,,,,,,,,,,,,,,,,,,,,,,,,,,,,,,,,,,,,,,,,,,,
72,tajo-main.tajo-main.tajo-client.tajo-client.org.apache.tajo.jdbc,,,,,,,,,,2,,,,,,,,,,,,,,,,,,,,,,,,,,,,,,,,,,,,84,,,,,,,,,,,,,,,,,,,,,,,,,20,,,,,,,,,,,,,,,,,,,,,,,,,,,,,,,,,,,,,,,,,,,,,,,,,,,,,,,,,,,,,,,,,,,,,,,,,,,,,,,,,,,,,,,,,,,,,,,,,,,,,,,,,,,,
73,tajo-main.tajo-main.tajo-catalog.tajo-catalog-server.tajo-catalog-server.org.apache.tajo.catalog.store,,,,,,,,,,,,,2,,,,,,,,,,,,,,,,,,,,,,,,,,,,,,,,,,,,,,,,89,,,,1,,,,1,,,,,,,,,,,,,,,,,,,,,,,,,,,,,,,,,,,,,,,,,,,,,,,,,,,,,,,,,,,,,,,,,,,,,,,,,,,,,,,,,,,,,,,,,,,,,,,,,,,,,,,,,,,,,,,,,,,,,,
74,tajo-main.tajo-main.tajo-rpc.tajo-rpc-protobuf.tajo-rpc-protobuf.org.apache.tajo.rpc,,,4,,,,,,78,,,,33,,,,56,,,,,,,,,,,6,,,,,,,,,,,,,,,,,,,,,,,,,6,,,,,,,10,,,,,,,,,,,26,,,,,,,,,,,,,,,,,,,,,,,,,,,,,,,,,,,,,,,,,,,,,,,,,,,,,,,,,,,,,,,,,,,,,,,,,,,,,,,,,,,,,,,,,,,,,,,,,,,,,,,,,,,,
75,tajo-main.tajo-main.tajo-rpc.tajo-ws-rs.tajo-ws-rs.org.apache.tajo.ws.rs.netty,,,,,6,,,,,,,,,,,,,,,,,,,,,,,,,,,,,,,,,,,,,,,,,,,,,,,,,,,,,,,,,,,,,,,,,,,,,,,,,,,,,,,,,,,,,,,,,,,,,,,,,,,,,,,,,,,,,,,,,,,,,,,,,,,,,,,,,,,,,,,,,,,,,,,,,,,,,,,,,,,,,,,,,,,,,,,,,,,,,,
76,tajo-main.tajo-main.tajo-storage.tajo-storage-hdfs.tajo-storage-hdfs.org.apache.tajo.storage.text,,,,,,,,,,,,,,,,,,,,,,,,,,,,,,,,,,,,,,,,,,,,,,,,,,8,,,,,,,,5,,,,,10,18,8,,,,,,,,,,,,,,1,,,,,,,,,,,,,,,,,,,,,,,,,,,,,,,,,,,,,,,,,,,,,,,,,,,,,,,,,,,,,,,,,,,,,,,,,,,,,,,,,,,,,,,,,,,,,,,,,,,,
77,tajo-main.tajo-main.tajo-storage.tajo-storage-hdfs.tajo-storage-hdfs.org.apache.tajo.storage.rawfile,,,,,,,,,,,,,,,,12,,,,,,,,,,,,,,,,,,,,,,,,,,,,,,,,,,,,,,,,,,,,,,,,,,,,,,,,,,,,,,,17,,,,,,,,,,,,,,,,,,,,,,,,,,,,,,,,,,,,,,,,,,,,,,,,,,,,,,,,,,,,,,,,,,,,,,,,,,,,,,,,,,,,,,,,,,,,,,,,,,,,
78,tajo-main.tajo-main.tajo-storage.tajo-storage-hdfs.tajo-storage-hdfs.org.apache.tajo.storage.rcfile,,,,,,,,,,,,,,,,,,,,,,,,,,,,,,,,,,,,,,,,,,,,,,,,,,9,,,,,,,,,,,,,,,,,,,,,,,,,,8,,,,,,,,,,,,,,,,,,,,,,,,,,,,,,,,,,,,,,,,,,,,,,,,,,,,,,,,,,,,,,,,,,,,,,,,,,,,,,,,,,,,,,,,,,,,,,,,,,,,,,,
79,tajo-main.tajo-main.tajo-storage.tajo-storage-hdfs.tajo-storage-hdfs.org.apache.tajo.storage,,,,,,,1,,,,,2,,,,17,21,2,,,,,,,,,,,,,,,,,,,,,,,,,,,,,,19,,24,,,,,,,,18,,,,24,,3,,5,25,,1,,,,,,,38,29,34,,24,,,,,,,,,,,,,,,,,,,,,,,,,,,,,,,,,,,,,,,,,,,,,,,,,,,,,,,,,,,,,,,,,,,,,,,,,,,,,,,,,,,,,,,,,,,,,,,,,,,
80,tajo-main.tajo-main.tajo-storage.tajo-storage-hdfs.tajo-storage-hdfs.org.apache.tajo.storage.fragment,,,,,,,,,8,,,,,,,25,7,1,,,,,,,,,,,,,,,,,,,,,,,,,,,,,,1,,3,,,,,,,,9,,,,1,,,,,2,4,,,,,,,,14,9,6,29,,,,,,,,,,,,,,,,,,,,,,,,,,,,,,,,,,,,,,,,,,,,,,,,,,,,,,,,,,,,,,,,,,,,,,,,,,,,,,,,,,,,,,,,,,,,,,,,,,,,
81,tajo-main.tajo-main.tajo-catalog.tajo-catalog-server.tajo-catalog-server.org.apache.tajo.catalog.store.object,,,,,,,,,,,,,,,,,,,,,,,,,,,,,,,,,,,,,,,,,,,,,,,,,,,,,,,,,,,,,,,,,,,,,,,,,122,,,,,,,,,,,,,,,,,,,,,,,,,,,,,,,,,,,,,,,,,,,,,,,,,,,,,,,,,,,,,,,,,,,,,,,,,,,,,,,,,,,,,,,,,,,,,,,,,,,,,,,,,,
82,tajo-main.tajo-main.tajo-rpc.tajo-rpc-common.tajo-rpc-common.org.apache.tajo.rpc,,,,,2,,,,3,,,,6,,,,10,,,,,,,,,,,3,,,,,,,,,,,,,,,,,,,,,,,,,3,,,,,,,,,,,,,,,,1,,2,,,32,7,,,,,,,,,,,,,,,,,,,,,,,,,,,,,,,,,,,,,,,,,,,,,,,,,,,,,,,,,,,,,,,,,,,,,,,,,,,,,,,,,,,,,,,,,,,,,,,,,,,,,,,,
83,tajo-main.tajo-main.tajo-storage.tajo-storage-common.tajo-storage-common.org.apache.tajo.storage.compress,,,,,,,,,,,,,,,,,,,,,,,,,,,,,,,,,,,,,,,,,,,,,,,,,,,,,,,,,,2,,,,,,,,,,,,,,,,,,4,,8,,,,,,,,,,,,,,,,,,,,,,,,,,,,,,,,,,,,,,,,,,,,,,,,,,,,,,,,,,,,,,,,,,,,,,,,,,,,,,,,,,,,,,,,,,,,,,,,,,,,,
84,tajo-main.tajo-main.tajo-core.tajo-core.org.apache.tajo.engine.codegen,,,,,,,1,,,,,,,,,3,12,,,,,,,,,,,,,,,,,,,,,,,,,,,,,,,,,,,,,,,,,,,,,,,,,,,,,,,,,,,,,,,,,,,,,,,,,,,,,,,,,,,,,,,,,,,,,,,,,,,,,,,,,,,,,,,,,,,,,,,,,,,,,,,,,,,,,,,,,,,,,,,,,,,,,,,,,,,,,,,,,,
85,tajo-main.tajo-main.tajo-thirdparty-asm.tajo-thirdparty-asm.org.apache.tajo.org.objectweb.asm.optimizer,,,,,,,,,,,,,,,,,,,,,,,,,,,,,,,,,,,,,,,,,,,,,,,,,,,,,,,,,,,,,,,,,,,,,,,,,,,,,,,,,,,,,,,,,,,,,,,,,,,,,,,,,,,,,,,,,,,,,,,,,,,,,,,,,,,,,,,,,,,,,,,,,,,,,,,,,,,,,,,,,,,,,,,,,,,,,,,,,,,
86,tajo-main.tajo-main.tajo-thirdparty-asm.tajo-thirdparty-asm.org.apache.tajo.org.objectweb.asm.xml,,,,,,,,,,,,,,,,,,,,,,,,,,,,,,,,,,,,,,,,,,,,,,,,,,,,,,,,,,,,,,,,,,,,,,,,,,,,,,,,,,,,,,,,,,,,,,,,,,,,,,,,,,,,,,,,,,,,,,,,,,,,,,,,,,,,,,,,,,,,,,,,,,,,,,,,,,,,,,,,,,,,,,,,,,,,,,,,,,,
87,tajo-main.tajo-main.tajo-thirdparty-asm.tajo-thirdparty-asm.org.apache.tajo.org.objectweb.asm.commons,,,,,,,,,,,,,,,,,,,,,,,,,,,,,,,,,,,,,,,,,,,,,,,,,,,,,,,,,,,,,,,,,,,,,,,,,,,,,,,,,,,,8,25,,,,,,,,,,,,,,,,,,,,,,,,,,,,,,,,,,,,,,,,,,,,,,,,,,,,,,,,,,,,,,,,,,,,,,,,,,,,,,,,,,,,,,,,,,,,,,
88,tajo-main.tajo-main.tajo-thirdparty-asm.tajo-thirdparty-asm.org.apache.tajo.org.objectweb.asm.util,,,,,,,,,,,,,,,,,,,,,,,,,,,,,,,,,,,,,,,,,,,,,,,,,,,,,,,,,,,,,,,,,,,,,,,,,,,,,,,,,,,,5,,12,,,,,,,,,,,,,,,,,,,,,,,,,,,,,,,,,,,,,,,,,,,,,,,,,,,,,,,,,,,,,,,,,,,,,,,,,,,,,,,,,,,,,,,,,,,,,
89,tajo-main.tajo-main.tajo-thirdparty-asm.tajo-thirdparty-asm.org.apache.tajo.org.objectweb.asm.signature,,,,,,,,,,,,,,,,,,,,,,,,,,,,,,,,,,,,,,,,,,,,,,,,,,,,,,,,,,,,,,,,,,,,,,,,,,,,,,,,,,,,,,,39,58,,,,,,,,,,,,,,,,,,,,,,,,,,,,,,,,,,,,,,,,,,,,,,,,,,,,,,,,,,,,,,,,,,,,,,,,,,,,,,,,,,,,,,,,,,,
90,tajo-main.tajo-main.tajo-storage.tajo-storage-hdfs.tajo-storage-hdfs.org.apache.tajo.storage.index.bst,,,,,,,,,,,,,,,,27,,,,,,,,,,,,,,,,,,,,,,,,,,,,,,,,,,,,,,,,,,,14,,,,,,,,,,28,,,,,,,,,,,,,,,,,,,,,,,,,,,,,,,,,,,,,,,,,,,,,,,,,,,,,,,,,,,,,,,,,,,,,,,,,,,,,,,,,,,,,,,,,,,,,,,,,,,,,,,,,,,,,,
91,tajo-main.tajo-main.tajo-storage.tajo-storage-pgsql.tajo-storage-pgsql.org.apache.tajo.storage.pgsql,,,,,,,,,,,,,,,,,,,,,,,,,,,,,,,,,,,,,,,,,,,,,,,,,,,,,,,,,,,,,,,,,,,,,,,,,,,,,,,,,,,,,,,,,,,,,,,,,,,,,,,,,,,,,,,,,,,,,,,,,,,,,,,,,,,,,,,,,,,,,,,,,,,,,,,,,,,,,,,,,,,,,,,,,,,,,,,,,,,
92,tajo-main.tajo-main.tajo-core.tajo-core.org.apache.tajo.engine.exception,,,,,,,,,,,,,,,,,,2,,,,,,,,,,,,,,,,,,,,,,,,,,,,,,,,,,,,,,,,,,,,,,,,,,,,,,,,,,,,,,,,,,,,,,,,,,,,,,,,,,,,,,,,,,,,,,,,,,,,,,,,,,,,,,,,,,,,,,,,,,,,,,,,,,,,,,,,,,,,,,,,,,,,,,,,,,,,,,,,,
93,tajo-main.tajo-main.tajo-core.tajo-core.org.apache.tajo.engine.function.builtin,,,,,,,,,,,,,,,,,,,,,,,,,,,,,,,,,,,,,,,,,,,,,,,,,,,,,,,,,,,,,,,,,,,,,,,,,,,,,,,,,,,,,,,,,,,,,,,,,,,,,,,,,,,,,,,,,,,,,,,,,,,,,,,,,,,,,,,,,,,,,,,,,,,,,,,,,,,,,,,,,,,,,,,,,,,,,,,,,,,
94,tajo-main.tajo-main.tajo-core.tajo-core.org.apache.tajo.ipc,,,1,,,,,,29,,,,8,,,,25,,,,,,,,,,,2,,,,,,,,,,,,,,,,,,,,,,,,,,,,,,,,,,,,,,,,,,,,,,,,,,,,,,,,,,,,,,,,,,,,,,,,,,,,,,,,,,,,,,,,,,,,,,,,,,,,,,,,,,,,,,,,,,,,,,,,,,,,,,,,,,,,,,,,,,,,,,,,,,,,,,,
95,tajo-main.tajo-main.tajo-core.tajo-core.org.apache.tajo.master.scheduler.event,,,,,,,,,,,12,,2,,,,,,,,,,,,,,,5,,,,,,,,,,,,,,,,,,,,,,,,,,,,,,,,,,,,,,,,,,,,,,,,,,,,,,,,,,,,,,,,,,,,,,,,,,,,,,,,,,,,,,,,,,,,,,,,,,,,,,,,,,,,,,,,,,,,,,,,,,,,,,,,,,,,,,,,,,,,,,,,,,,,,,,
96,tajo-main.tajo-main.tajo-storage.tajo-storage-hbase.tajo-storage-hbase.org.apache.tajo.storage.hbase,,,,,,,,,,,,,,,,,,,,,,,,,,,,,,,,,,,,,,,,,,,,,,,,,,,,,,,,,,,,,,,,,,,,,,,,,,,,,,,,,,,,,,,,,,,,,,,,,,,,,,,,,,,,,,,,,,,,,,,,,,,,,,,,,,,,,,,,,,,,,,,,,,,,,,,,,,,,,,,,,,,,,,,,,,,,,,,,,,,
97,tajo-main.tajo-main.tajo-storage.tajo-storage-hdfs.tajo-storage-hdfs.org.apache.tajo.storage.index,,,,,,,,,,,,,,,,,,,,,,,,,,,,,,,,,,,,,,,,,,,,,,,,,,,,,,,,,,,,,,,,,,,,,,,,,,,,,,,,,,,,,,,,,,6,,,,,,,,,,,,,,,,,,,,,,,,,,,,,,,,,,,,,,,,,,,,,,,,,,,,,,,,,,,,,,,,,,,,,,,,,,,,,,,,,,,,,,,,,
98,tajo-main.tajo-main.tajo-storage.tajo-storage-jdbc.tajo-storage-jdbc.org.apache.tajo.storage.jdbc,,,,,,,,,,,,,,,,,,,,,,,,,,,,,,,,,,,,,,,,,,,,,,,,,,,,,,,,,,,,,,,,,,,,,,,,,,,,,,,,,,,,,,,,,,,14,,,,,,,,,,,,,,,,,,,,,,,,,,,,,,,,,,,,,,,,,,,,,,,,,,,,,,,,,,,,,,,,,,,,,,,,,,,,,,,,,,,,,,,,
99,tajo-main.tajo-main.tajo-core.tajo-core.org.apache.tajo,,,,,,,,,213,,40,,44,,7,,236,,,19,,,,59,,,,22,,17,16,,,,,,,,,,,,,,,,,,,,,,,,,,,,,,,,,,,,,,,,,,,,,,,,,,,,,,,,,,,,,,60,226,6,,,,,,,,,,,,,,,,,,,,,,,,,,,,,,,,,,,,,,,,,,,,,,,,,,,,,,,,,,,,,,,,,,,,,,,,,,,,,,,,,,,,
100,tajo-main.tajo-main.tajo-core.tajo-core.org.apache.tajo.engine.function,,,,,,,,,,,,,2,,,,1,,,,,,,,,,,,,,,,,,,,,,,,,,,,,,,,,,,,,,,,,,,,,,,,,,,,,,,,,,,,,,,,,,,,,,,,,,,,,,,,,,,,,,,,,,,,,,,,,,,,,,,,,,,,,,,,,,,,,,,,,,,,,,,,,,,,,,,,,,,,,,,,,,,,,,,,,,,,,,,,,,
101,tajo-main.tajo-main.tajo-core.tajo-core.org.apache.tajo.engine.function.datetime,,,,,,,,,,,,,,,,,,,,,,,,,,,,,,,,,,,,,,,,,,,,,,,,,,,,,,,,,,,,,,,,,,,,,,,,,,,,,,,,,,,,,,,,,,,,,,,,,,,,,,,,,,,,,,,,,,,,,,,,,,,,,,,,,,,,,,,,,,,,,,,,,,,,,,,,,,,,,,,,,,,,,,,,,,,,,,,,,,,
102,tajo-main.tajo-main.tajo-core.tajo-core.org.apache.tajo.engine.function.hiveudf,,,,,,,,,,,,,1,,,,1,,,,,,,,,,,,,,,,,,,,,,,,,,,,,,,,,,,,,,,,,,,,,,,,,,,,,,,,,,,,,,,,,,,,,,,,,,,,,,,,,,,,,,,,,,,,,,,,,,,,,,,,,,,,,,,,,,,,,,,,,,,,,,,,,,,,,,,,,,,,,,,,,,,,,,,,,,,,,,,,,,
103,tajo-main.tajo-main.tajo-core.tajo-core.org.apache.tajo.engine.function.json,,,,,,,,,,,,,,,,,,,,,,,,,,,,,,,,,,,,,,,,,,,,,,,,,,,,,,,,,,,,,,,,,,,,,,,,,,,,,,,,,,,,,,,,,,,,,,,,,,,,,,,,,,,,,,,,,,,,,,,,,,,,,,,,,,,,,,,,,,,,,,,,,,,,,,,,,,,,,,,,,,,,,,,,,,,,,,,,,,,
104,tajo-main.tajo-main.tajo-core.tajo-core.org.apache.tajo.engine.function.math,,,,,,,,,,,,,,,,,,,,,,,,,,,,,,,,,,,,,,,,,,,,,,,,,,,,,,,,,,,,,,,,,,,,,,,,,,,,,,,,,,,,,,,,,,,,,,,,,,,,,,,,,,,,,,,,,,,,,,,,,,,,,,,,,,,,,,,,,,,,,,,,,,,,,,,,,,,,,,,,,,,,,,,,,,,,,,,,,,,
105,tajo-main.tajo-main.tajo-core.tajo-core.org.apache.tajo.engine.function.string,,,,,,,,,,,,,,,,,,,,,,,,,,,,,,,,,,,,,,,,,,,,,,,,,,,,,,,,,,,,,,,,,,,,,,,,,,,,,,,,,,,,,,,,,,,,,,,,,,,,,,,,,,,,,,,,,,,,,,,,,,,,,,,,,,,,,,,,,,,,,,,,,,,,,,,,,,,,,,,,,,,,,,,,,,,,,,,,,,,
106,tajo-main.tajo-main.tajo-core.tajo-core.org.apache.tajo.engine.function.window,,,,,,,,,,,,,,,,,,,,,,,,,,,,,,,,,,,,,,,,,,,,,,,,,,,,,,,,,,,,,,,,,,,,,,,,,,,,,,,,,,,,,,,,,,,,,,,,,,,,,,,,,,,,,,,,,,,,,,,,,,,,,,,,,,,,,,,,,,,,,,,,,,,,,,,,,,,,,,,,,,,,,,,,,,,,,,,,,,,
107,tajo-main.tajo-main.tajo-core.tajo-core.org.apache.tajo.engine.json,,,,,,,,,1,,,,2,,6,,,,,,,,,,,,,,,,,,,,,,,,,,,,,,,,,,,,,,,,,,,,,,,,,,,,,,,,,,,,,,,,,,,,,4,,,,,,,,,,,,,,,,,,,,,,,,,,,,,,,,,,,,,,,,,,,,,,,,,,,,,,,,,,,,,,,,,,,,,,,,,,,,,,,,,,,,,,,,,,,,,,,
108,tajo-main.tajo-main.tajo-core.tajo-core.org.apache.tajo.engine.planner.enforce,,,,,,,,,4,,,,,,,3,6,20,,,,4,,7,,13,,,,,,,,,,,,,,,,,,,,,,,,,,,,,,,,,,,,,,,,,,,,,,,,,,,,,,,,,,,,,,,,,,,,,,,,,,,,,,,,,,,,,,,,,,,,,,,,,,,,,,,,,,,,,,,,,,,,,,,,,,,,,,,,,,,,,,,,,,,,,,,,,,,,,,,,,
109,tajo-main.tajo-main.tajo-core.tajo-core.org.apache.tajo.engine.utils.test,,,,,,,,,,,,,,,,,,,,,,,,,,,,,,,,,,,,,,,,,,,,,,,,,,,,,,,,,,,,,,,,,,,,,,,,,,,,,,,,,,,,,,,,,,,,,,,,,,,,,,,,,,,,,,,,,,,,,,,,,,,,,,,,,,,,,,,,,,,,,,,,,,,,,,,,,,,,,,,,,,,,,,,,,,,,,,,,,,,
110,tajo-main.tajo-main.tajo-plan.tajo-plan.org.apache.tajo.plan.exprrewrite.rules,,,,,,,,,,,,,,,,,,,,,,,,,,,,,,,,,,,,,,,,,,,,,,,,,,,,,,,,,,,,,,,,,,,,,,,,,,,,,,,,,,,,,,,,,,,,,,,,,,,,,,,,,,,,,,,,,,,,,,,,,,,,,,,,,,,,,,,,,,,,,,,,,,,,,,,,,,,,,,,,,,,,,,,,,,,,,,,,,,,
111,tajo-main.tajo-main.tajo-storage.tajo-storage-common.tajo-storage-common.org.apache.tajo.storage,,,,,,,40,,46,,,3,11,5,,192,15,31,,,,,,,,,,,,,,,,,,,,,,,,,,,,,,5,,19,,,,,,,,16,,,,6,2,1,14,4,8,,9,,,,,,,22,17,19,47,,,,,,,,,,,33,5,1,,,,55,2,21,,,,,,,,,,,,,,,,,,,,,,,,,,,,,,,,,,,,,,,,,,,,,,,,,,,,,,,,,,,,,,,,,,,,,,,,,,,,,,,,,
112,tajo-main.tajo-main.tajo-plan.tajo-plan.org.apache.tajo.plan.serder,,,,,1,,,,41,,,,,,,6,29,146,5,,,28,,10,,75,,,,,,,,,,,,,,,,,,,,,,,,,,,,,,,,,,,,,,,,,,,,,,,,,,,3,,,,,,,,,,,,,,,,,,,,,,192,,,,,,,,2,213,,,,,,,,,,18,,5,6,,5,,,8,,,,,,,,,,,,,,,,,,,,,,,,,,,,,,,,,,,,,,,,,,,,,,,,,,,,,
113,tajo-main.tajo-main.tajo-plan.tajo-plan.org.apache.tajo.plan.function.python,,,,,,,6,,,,,,1,,,,5,,,,,,,,,,,,,,,,,,,,,,,,,,,,,,,,,,,,,,,,,,,,,,,,,,,,,,,,,,,,,,,,,,,,,,,,,,,,,,,,,,,1,,,,,,,,,,5,,4,,,,16,,,,,8,,,,,,,,,,,,,,,,,,,,,,,,,,,,,,,,,,,,,,,,,,,,,,,,,,,,,,,,,,
114,tajo-main.tajo-main.tajo-plan.tajo-plan.org.apache.tajo.plan.function.stream,,,,,,,,,,,,,,,,,,,,,,,,,,,,,,,,,,,,,,,,,,,,,,,,,,,,,,,,,,,,,,,,,,,,,,,,,,,,,,,,,,,,,,,,,,,,,,,,,,,,,,,,,,,,,,,,,32,,,,,,,,,,,,,,,,,,,,,,,,,,,,,,,,,,,,,,,,,,,,,,,,,,,,,,,,,,,,,,,,,,
115,tajo-main.tajo-main.tajo-plan.tajo-plan.org.apache.tajo.plan.rewrite,,,,,,,,,,,,,,,,,,,,,,,,,,,,,,,,,,,,,,,,,,,,,,,,,,,,,,,,,,,,,,,,,,,,,,,,,,,,,,,,,,,,,,,,,,,,,,,,8,,,,,,,,,,,,,3,,,,,,,,,43,,,,,20,,,,,,,,,,,,,,,,,,,,,,,,,,,,,,,,,,,,,,,,,,,,,,,,,,,,,,,,
116,tajo-main.tajo-main.tajo-plan.tajo-plan.org.apache.tajo.plan.function,20,,,,,,,,,,,,,,,28,,,,,,,,,,,,,,,,,,,,,,,,,,,,,,,,,,,,,,,,,,,,,,,,,,,,,,,,,,,,,,,,,,,,,,,,,,,,,155,,,,,,,2,44,,2,50,70,27,,,,,,2,9,11,,,,,,,39,,,,,,,,,,,,,,,,,,,,,,,,,,,,,,,,,,,,,,,,,,,,,,,,,,,,,,,,,,
117,tajo-main.tajo-main.tajo-plan.tajo-plan.org.apache.tajo.plan.joinorder,,,,,,,,,,,,,,,,,,,,,,,,,,,,,,,,,,,,,,,,,,,,,,,,,,,,,,,,,,,,,,,,,,,,,,,,,,,,,,,,,,,,,,,,,,,,,,,,,,,,,,,,,,,,,,,,,,,,,,,,,,,52,,,,,,,,,,,,,,,,,,,,,,,,,,,,,,,,,,,,,,,,,,,,,,,,,,,,,,,,
118,tajo-main.tajo-main.tajo-plan.tajo-plan.org.apache.tajo.plan.rewrite.rules,,,,,,,2,,,,,,,,,4,,1,,,,,,,,1,,,,,,,,,,,,,,,,,,,,,,,,,,,,,,,,,,,,,,,,,,,,,,,,,,,,,,,,,,,,,,,,,,,,,,,,,,,,,,,,,,,,,,4,,,7,,,,,,,,5,,,6,,,,,,,,,,,,,,,,,,,,,,,,,,,,,,,,,,,,,,,,,,,,,,,,,,,,,
119,tajo-main.tajo-main.tajo-plan.tajo-plan.org.apache.tajo.plan.verifier,,,,,,,,,,,,,23,,,,,,,,,,,,,,,,,,,,,,,,,,,,,,,,,,,,,,,,,,,,,,,,,,,,,,,,,,,,,,,,,,,,,,,,,,,,,,,,,,,4,,,,,,,,,,,,,,,,,,,,,,,,,,,24,,,,,,,,,,,,,,,,,,,,,,,,,,,,,,,,,,,,,,,,,,,,,,,,,,,,,,,,
120,tajo-main.tajo-main.tajo-plan.tajo-plan.org.apache.tajo.plan.util,,,,,,,12,,17,,,,3,,,7,3,10,7,,,4,,,,16,,,,,,,,,,,,,,,,,,,,,,1,,,,,,,,,,,,,,,,1,,,,,,,,,9,,,1,2,,,,,,,1,,,,,,,,,,,,,,,,,,2,,,,,,,,,,,,,9,3,6,21,3,,4,,23,,,14,,,,,,,,,,,,,,,,,,,,,,,,,,,,,,,,,,,,,,,,,,,,,,,,,,,,,
121,tajo-main.tajo-main.tajo-plan.tajo-plan.org.apache.tajo.plan.expr,,,,,,,34,,,,,1,,,,153,14,9,1,,,45,,,,58,,,,,,,,,,,,,,,,,,,,,,1,,1,,,,,,,,3,,,1,1,,,3,,1,,,,,,2,,,1,1,1,3,,,,,341,,,,,,,1,,,,,46,,95,,,8,,1,,8,,,,,110,7,218,,,7,6,32,285,95,107,,,378,,2,66,,,,,,,,,,,,,,,,,,,,,,,,,,,,,,,,,,,,,,,,,,,,,,,,,,,,,
122,tajo-main.tajo-main.tajo-plan.tajo-plan.org.apache.tajo.plan.visitor,,,,,,,8,,,,,,,,,,,,,,,,,,,33,,,,,,,,,,,,,,,,,,,,,,,,,,,,,,,,,,,,,,,,,,,,,,,,,,,,,,,,,,12,,,,,,,,,,,,,,,,,,,,,,,,,,,,19,,,11,,,39,19,27,9,,47,,,,,,,,,,,,,,,,,,,,,,,,,,,,,,,,,,,,,,,,,,,,,,,,,,,,,,,,
123,tajo-main.tajo-main.tajo-plan.tajo-plan.org.apache.tajo.plan,,,,1,,,82,,29,,,,23,,,20,,13,6,,19,22,,,,159,,,,,,,,,,,,,,,,,,,,,,,,,,,,,,,,1,,,,,,,1,,,,,,,,,,,,,,1,,,,,52,,,,,,,,,,,,12,,8,,,,,,,,,,,1,34,4,117,,,292,,14,311,72,69,13,242,,48,2,155,,,,,,,,,,,,,,,,,,,,,,,,,,,,,,,,,,,,,,,,,,,,,,,,,,,,,
124,tajo-main.tajo-main.tajo-plan.tajo-plan.org.apache.tajo.plan.nameresolver,,,,,,,,,,,,,,,,,,,,,,,,,,,,,,,,,,,,,,,,,,,,,,,,,,,,,,,,,,,,,,,,,,,,,,,,,,,,,,,,,,,,,,,,,,,,,,,,,,,,,,,,,,,,,,,,,,,10,,,,,,,,53,,,,,,,,,,,,,,,,,,,,,,,,,,,,,,,,,,,,,,,,,,,,,,,,,,,,,,,,
125,tajo-main.tajo-main.tajo-plan.tajo-plan.org.apache.tajo.plan.exprrewrite,,,,,,,,,,,,,,,,,,,,,,,,,,,,,,,,,,,,,,,,,,,,,,,,,,,,,,,,,,,,,,,,,,,,,,,,,,,,,,,,,,,,,,,,,,,,,,,,,,,,,,,,,,,,,,2,,,,,,,,,,,,,9,,,,,,,,,,,,,,,,,,,,,,,,,,,,,,,,,,,,,,,,,,,,,,,,,,,,,,,,
126,tajo-main.tajo-main.tajo-plan.tajo-plan.org.apache.tajo.plan.logical,,,,4,,,268,,188,,,14,23,3,,334,23,315,128,,35,131,,12,,429,,,,,,,,,,,,,,,,,,,,,,,,,,,,,,,,2,,,,,,,3,,,,,,,,,,,,,,5,,,,,87,,,,,,,,,,,,57,,48,,,,,,,,,,,,,6,566,,,294,,88,482,119,270,16,357,711,29,,,,,,,,,,,,,,,,,,,,,,,,,,,,,,,,,,,,,,,,,,,,,,,,,,,,,,,
127,tajo-main.tajo-main.tajo-plan.tajo-plan.org.apache.tajo.plan.annotator,,,,,,,,,,,,,,,,,,,,,,,,,,,,,,,,,,,,,,,,,,,,,,,,,,,,,,,,,,,,,,,,,,,,,,,,,,,,,,,,,,,,,,,,,,,,,,,,,,,,,,,,,,,,,,2,,,,,,,,,,,,,,,3,,,,,,,,,,,,,,,,,,,,,,,,,,,,,,,,,,,,,,,,,,,,,,,,,,,,,,
128,tajo-main.tajo-main.tajo-maven-plugins.tajo-maven-plugins.org.apache.tajo.maven.plugin.protoc,,,,,,,,,,,,,,,,,,,,,,,,,,,,,,,,,,,,,,,,,,,,,,,,,,,,,,,,,,,,,,,,,,,,,,,,,,,,,,,,,,,,,,,,,,,,,,,,,,,,,,,,,,,,,,,,,,,,,,,,,,,,,,,,,,,,,,,,,,,,,,,,,,,,,,,,,,,,,,,,,,,,,,,,,,,,,,,,,,,
129,tajo-main.tajo-main.tajo-maven-plugins.tajo-maven-plugins.org.apache.tajo.maven.plugin.versioninfo,,,,,,,,,,,,,,,,,,,,,,,,,,,,,,,,,,,,,,,,,,,,,,,,,,,,,,,,,,,,,,,,,,,,,,,,,,,,,,,,,,,,,,,,,,,,,,,,,,,,,,,,,,,,,,,,,,,,,,,,,,,,,,,,,,,,,,,,,,,,,,,,,,,,,,,,,,,,,,,,,,,,,,,,,,,,,,,,,,,
130,tajo-main.tajo-main.tajo-catalog.tajo-catalog-server.tajo-catalog-server.org.apache.tajo.catalog.dictionary,,,,,,,,,,,,,,,,,,,,,,,,,,,,,,,,,,,,,,,,,,,,,,,,,,,,,22,,,,,,,,,,,,,,,,,,,,,,,,,,,,,,,,,,,,,,,,,,,,,,,,,,,,,,,,,,,,,,,,,,,,,,,,,,,,,,,,,,,,,,,,,,,,,,,,,,,,,,,,,,,,,,,,,,,,,,,,,,,,,,
131,tajo-main.tajo-main.tajo-client.tajo-client.org.apache.tajo.storage,,,,,,,,,,,,,,,,,,,,,,,,,,,,,,,,,,,,,,,,,,,,,,,,,,,,,,,,,,,,,,,,,,,,,,,,,,,,,,,,,,,,,,,,,,,,,,,,,,,,,,,,,,,,,,,,,,,,,,,,,,,,,,,,,,,,,,,,,,,,,,,,,,,,,,,,,,,,,,,,,,,,,,,,,,,,,,,,,,,
132,tajo-main.tajo-main.tajo-plan.tajo-plan.org.apache.tajo.plan.algebra,,,,,,,,,,,,,,,,,,,,,,,,,,,,,,,,,,,,,,,,,,,,,,,,,,,,,,,,,,,,,,,,,,,,,,,,,,,,,,,,,,,,,,,,,,,,,,,,,,,,,,,,,,,,,,,,,,,35,,,,11,2,1,31,44,,,,,,,,,,,,,,,,,,,,,,,,,,,,,,,,,,,,,,,,,,,,,,,,,,,,,,,,
133,tajo-main.tajo-main.tajo-common.tajo-common.org.apache.tajo.tuple,,,,,,,,,,,,,,,,,,,,,,,,,,,,,,,,,,,,,,,,,,,,,,,,,,,,,,,,,,,,,,,,,,,,,,,,2,,,,,6,,,,,,,,,,,,,,,,,,,,,,,,,,,,,,,,,,,,,,,,,,,,,,,,,,,,,,,,,8,,,,,,,,,,,,,,,,,,,,,,,,,,,,,,,,,,,,,,,,,,,,,
134,tajo-main.tajo-main.tajo-common.tajo-common.org.apache.tajo.tuple.memory,,,,,,,54,,,,,,,,,100,,,,,,,,,,,,,,,,,,,,,,,,,,,,,,,,,,,,,,,,,,,,,,,,,,,,,,,,10,,,,,65,,11,,,,,,,,,,,,,,,,,,,,,,,,,,,,,,,,,,,,,,,,,,,,,,,,,,,,,,33,,,,,,,,,,,,,,,,,,,,,,,,,,,,,,,,,,,,,,,,,,,,,,
135,tajo-main.tajo-main.tajo-catalog.tajo-catalog-common.tajo-catalog-common.org.apache.tajo.catalog.statistics,,,,,,,12,,59,2,,2,,12,,103,16,,4,,,,,,,,,,,,,,,,3,5,,,,,,,,,,,,1,,3,,,,,,,,6,,,3,1,,,10,,3,,,,,,,,,7,7,5,18,,,,,,,,,,,,,,,,,16,,8,,,,,,,,,,,,,36,,,,6,,2,10,,2,,,,,,,,,,,,,,,,,8,,,,,,,,,,,,,,,,,,,,,,,,,,,,,,,,,,,,,,,,,,
136,tajo-main.tajo-main.tajo-catalog.tajo-catalog-common.tajo-catalog-common.org.apache.tajo.catalog.json,,,,,,,,,,,,,,,,,,,,,,,,,,,,,,,,,,,,,,,,,,,,,,,,,,,,,,,,,,,,,,,,,,,,,,,,,,,,,,,,,,,,,,,,,,,,,,,,,,,,,,,,,,,,,,,,6,,,,3,,,,,,,,,,,,,,,,,,,5,,7,4,1,,,,,,,,,,,,,,,,,,,,,,,,,,,,,,,,,,,,,,,,
137,tajo-main.tajo-main.tajo-catalog.tajo-catalog-common.tajo-catalog-common.org.apache.tajo.catalog,10,,,26,,,155,,49,4,,3,72,8,,202,3,46,2,,,17,,,,55,,,,,,,,,11,4,,,,,,,,,,,,28,,20,,,34,10,,,17,9,,40,39,12,10,12,14,,13,23,,,46,54,86,,,39,8,11,30,,,,,16,,,,,,2,4,,117,,,85,,24,,17,10,15,4,24,35,17,,4,,6,175,72,43,37,100,34,15,173,36,96,104,,282,34,,192,,,,1,30,,,,19,17,,9,9,,,,,,,,,,,,,,,,,,,,,,,,,,,,,,,,,,,,,,,,
138,tajo-main.tajo-main.tajo-catalog.tajo-catalog-common.tajo-catalog-common.org.apache.tajo.catalog.partition,,,,,,,6,,1,,,,2,,,8,,6,,,2,,,2,,4,,,,,,,,,3,,,,,,,,,,,,,,,,,,,,,,2,,,1,8,,,,,,,,,,5,,,,,,,,,,,,,,,,,,,,,,,,,,,,,,,,,,,,,,,,,6,,,,,,4,2,4,,,7,,,9,,,,,,,,,,,28,,,,,,,,,,,,,,,,,,,,,,,,,,,,,,,,,,,,,,,,,,
139,tajo-main.tajo-main.tajo-catalog.tajo-catalog-common.tajo-catalog-common.org.apache.tajo.function,,,,1,,,2,,,,,,,,,,,,,,,,,,,,,,,,,,,,4,,,,,,,,,,,,,,,,,,2,,,,,,,,,,,,,,,,,,,,,,,,,,,,,,,15,,,,,,,,,2,,,,,,,33,3,3,,4,,1,,,,2,,5,29,,,23,,,,,,,7,,,,,,,,,,,,,6,71,,,,,,,,,,,,,,,,,,,,,,,,,,,,,,,,,,,,,,,,,,
140,tajo-main.tajo-main.tajo-algebra.tajo-algebra.org.apache.tajo.algebra,,,,,,,16,,5,,,,3,,,16,,13,16,,,,,,,8,,,454,,,,,,,,,,,,,,,,,,,,,,,,,,,,,,,,1,,,,,,,,,,,,2,,,,,,,,,,,,,,,,,,,,,,,,,,,,,,,,,,,,,,,66,,,294,,36,12,107,265,62,62,979,34,,39,,,,,,492,,,,,,,,,,,,,,,,,,,,,,,,,,,,,,,,,,,,,,,,,,,,,,,
141,tajo-main.tajo-main.tajo-catalog.tajo-catalog-common.tajo-catalog-common.org.apache.tajo,,,,,,,,,,,,,,,,,,,,,,,,,,,,,,,,,,,,,,,,,,,,,,,,,,,,,,,,,,,,,,,,,,,,,,,,,,,,,,,,,,,,,,,,,,,,,,,,,,,,,,,,,,,,,,,,,,,,,,,,,1,,1,,,,,,,,,,,,,,1,,,,,,,,,,,,,,,,,,,,,,,,,,,,,,,,,,,,,,,,,,
142,tajo-main.tajo-main.tajo-client.tajo-client.org.apache.tajo.client.v2.exception,,,,,,,,,,,,,,,,,,,,,,,,,,,,,,,,,,,,,,,,,,,,,,,,,,,,4,,,,8,,,,,,,,,,,,,,,4,,,,,,,,,,,,,,,,,,,,,,,,,,,,,,,,,,,,,,,,,,,,,,,,,,,,,,,,,,,,,,,,,,,,,,,,,,,,,,,,,,,,,,,,,,,,,,,,,,,,,,,,,,,,
143,tajo-main.tajo-main.tajo-client.tajo-client.org.apache.tajo.ipc,,,,3,,,93,,,17,,,251,,34,,11,,,,,,,,,,,,,,,,,,,20,,,,,,,,,,9,,,,,,,,23,,22,1,,,,,,,,,,,,,,348,7,,,,,,,,,,,,,,,,,,,,,,,,,,,,,,,,,,,,,,,,,,,,,,,,,,,,,,,,,,,,,,,,,,,,,,,,,,,,,,,,,,,,,,,,,,,,,,,,,,,,,,,,,,,
144,tajo-main.tajo-main.tajo-common.tajo-common.org.apache.tajo.auth,,,,,,,,,,,,,,,,,,,,,,,,,,,,,,,,,,,,,,,,,,,,,,,,,,,,,,,,5,,,,,,,,,,,,,,,8,,,,,,,,,,,,,,,,,,,,,,,,,,,,,,,,,,,,,,,,,,,,,,,,,,,,,,,,,,,,,,,,,,,,,,,,,,,,,,,,,,,,,,,,,,,,,,,,,,,,,,,,,,,,
145,tajo-main.tajo-main.tajo-common.tajo-common.org.apache.tajo.storage,22,,,,,1,38,,,,,,,4,,178,,48,,,,,,,,1,,,,,,,,,,,,,,,,,,,,,,35,,12,,,,,,,,6,,,,15,16,11,6,,2,10,,,,98,,,,25,5,9,8,,,,,1,,,,,,26,,,57,,,24,3,10,,3,30,,11,49,86,8,,,,3,101,,15,13,,18,,5,,,37,,1,,,,,,,,20,,5,41,,,5,,,,,,,,,,,,,,,,,,,,,,,,,,,,,,,,,,,,,,,,,,
146,tajo-main.tajo-main.tajo-common.tajo-common.org.apache.tajo.util.graph,,,,,,,,,,,,,,,,,,,3,,,,,,,22,,,,,,,,,,,,,,,,,,,,,,,,,,,,,,,,,,,,,,,,,,,,,,,,,,,,,,,,,,,,,,,,,,,,,,,,,,,,,,,,,,,,,,,,,10,,13,,,,,,22,,,,,,,,,,,,,,,,,,,,,,,,,,,,,,,,,,,,,,,,,,,,,,,,,,,,,,,,
147,tajo-main.tajo-main.tajo-core.tajo-core.org.apache.tajo.master.cluster,,,,,,,6,,40,,1,2,19,,,,24,,,3,,,,,9,,,10,,,,,,,,,,,,,,,,,,,,,,,,,,,,,,,,,,,,,,,,,,,,,,,,,,,,,,,,,,,,,,,,,,,,,,,,,,,,,,,,,,,,,,,,,,,,,,,,,,,,,,,,,,,,,,,,,,,,,,,,,,,,,,,,,,,,,,,,,,,,,,,,,,,,,,,
148,tajo-main.tajo-main.tajo-core.tajo-core.org.apache.tajo.resource,,,,,,,4,8,13,,38,,2,,,,33,,,3,,,,,4,,,20,,,2,,,,,,,,,,,,,,,,,,,,,,,,,,,,,,,,,,,,,,,,,,,,,,,,,,,,,,,,,,,,,,,,,,,,,,,,,,,,,,,,,,,,,,,,,,,,,,,,,,,,,,,,,,,,,,,,,,,,,,,,,,,,,,,,,,,,,,,,,,,,,,,,,,,,
149,tajo-main.tajo-main.tajo-rpc.tajo-ws-rs.tajo-ws-rs.org.apache.tajo.ws.rs.netty.gson,,,,,2,,,,,,,,,,,,,,,,,,,,,,,,,,,,,,,,,,,,,,,,,,,,,,,,,,,,,,,,,,,,,,,,,,,,,,,,,,,,,,,,,,,,,,,,,,,,,,,,,,,,,,,,,,,,,,,,,,,,,,,,,,,,,,,,,,,,,,,,,,,,,,,,,,,,,,,,,,,,,,,,,,,,,,,,,,,,,,
150,tajo-main.tajo-main.tajo-storage.tajo-storage-common.tajo-storage-common.org.apache.tajo.index,,,,,,,,,,,,,,,,,,,,,,,,,,,,,,,,,,,,,,,,,,,,,,,,,,,,,,,,,,,,,,,,,,,,,,,,,,,,,,,,,,,,,,,,,,5,,,,,,,,,,,,,,,,,,,,,16,,,,,,,,,,,,,,,,,,,,,,,,,,,,,,,,,,,,,,,,,,,,,,,,,,,,,,,,,,,,,,,,,,,,
151,tajo-main.tajo-main.tajo-storage.tajo-storage-common.tajo-storage-common.org.apache.tajo.storage.fragment,,,,,,,2,,20,,,2,,,,17,10,4,,6,,,,,,,,,,,,,,,,,,,,,,,,,,,,1,,3,,,,,,,,16,,,,1,,,33,,1,2,,,,,,,,7,9,4,14,25,,,,,,,,,,,2,,,,,37,,13,,,,,,,,,,,,,18,,,,,,,,,,,,,,,,,,,,,,,,,,,,,,,,,,,,,,,,,,,,,,,,,,,,,,,,,,,,,,,,,,,,
152,tajo-main.tajo-main.tajo-catalog.tajo-catalog-common.tajo-catalog-common.org.apache.tajo.catalog.proto,,,,8,,,117,,33,2,,5,68,,,39,27,11,,,,12,,6,,17,,,,,,,,,31,2,,,,,,,,,,,,,,,,,214,1,,,2,1,,1090,115,,,,1,,,,,,46,1,338,,,,,,1,,,,,,,,,,,5,,,10,,,1,,1,480,3,,4,,,,2,,7,,,14,1240,5,,,6,,13,,,4,,32,,,4,,,,37,,,,,101,,236,53,138,,,,491,,,,,,,144,14,,,,,,,,,,,,,,,,,,,,,,,,,,,,
153,tajo-main.tajo-main.tajo-common.tajo-common.org.apache.tajo.common.type,,,,,,,,,,,,,,,,1,,,,,,,,,,,,,,,,,,,,,,,,,,,,,,1,,,,,,,,,,,,,,,,,,,,,,,,,,1,,,,,,,,,,,,,,,,,,,,,,,,,,,,,,,,,,,,,,,,,,,,,,,,,,,,,,,,,,,,,,,,,,,,,,,,,,,,,,,,,,,3,,,,,,,,,,,,,,,,,,,,,,,,
154,tajo-main.tajo-main.tajo-common.tajo-common.org.apache.tajo.util.datetime,,,,,,,,,,,,,,,,,,,,,,,,,,,,,,,,,,,,,,,,,,,,,,,,,,,,,,,,,,,,,,,1,1,,,,2,,,,23,,,,1,,,,,,,,1,,,,,,,,,,,,,,1,,,124,,,,,,,,,,2,,,,,,,,,17,,,16,,,,,,,,,,,2,,,,,,,,,,,4,,,,,,,,,,169,,,,,,,,,,,,,,,,,,,,,,,,
155,tajo-main.tajo-main.tajo-common.tajo-common.org.apache.tajo.datum,50,,,,,2,76,,,,,,,6,,124,,31,,,,,,,,,,,,,,,,,,,,,,,,,,,,23,,43,,10,,,,,,,,,,,,33,31,7,,,,106,,,,95,,,,46,,10,27,,,,,35,,,,,,,,,216,,,66,,31,,3,192,,26,123,173,27,,,,3,194,50,4,62,,19,,17,2,58,131,,40,,,,,,,,27,,,128,16,1,,,1,,,,,,139,,,,,,,,12,4,,26,,,,,,,,,,,,,,,,,,,,,,,
156,tajo-main.tajo-main.tajo-common.tajo-common.org.apache.tajo.json,,,,,,,,,1,,,,3,,7,,,,,,,,,,,,,,,,,,,,,,,,,,,,,,,,,,,,,,,,,,,,,,,,,,,,,,,,,,,,,,,,,,,,,4,,,,,,,,,,,,,,,,,,,,,,,6,,,,,23,,,,4,,,,,5,,2,,,3,,,,,,,,,4,23,15,6,2,2,,,,,,,,,6,,,,,,3,,,,,3,,,,,,,,,,,,,,,,,,,
157,tajo-main.tajo-main.tajo-common.tajo-common.org.apache.tajo.schema,,,,5,,,24,,6,,,,20,,,,,,,,1,,,,,,,,,,,,,,1,,,,,,,,,,,1,,,,,,,4,1,,,,,,4,3,,,,,,,,,,,2,15,,,,,,1,,,,,,,,,,,,1,,,,,,,4,,,,,,,,,,,,,,,,,9,,,6,6,,46,,17,8,,7,,,,1,,,,,,,73,,,,,,,,,,,,,,,,,,,,,,41,,,,,,,,,,,,,,,,,,,,
158,tajo-main.tajo-main.tajo-common.tajo-common.org.apache.tajo.service,,33,2,,,,,,4,1,,1,3,,,,3,,,,,,,,,,,,,,,,,,,1,,,,,,,,,,,,,,,,,,4,,12,1,,,4,,,,,,,,,,,13,,,,,,,,,,,,,,,,,,,,,,,,,,,,,,,,,,,,,,,,,,,,,,,,,,,,,,,,,,,,,,,,,,,,,,,,,,,,,,,,,,,,,,,,,,,1,,,,,,,,,,,,,,,,,
159,tajo-main.tajo-main.tajo-common.tajo-common.org.apache.tajo.type,,,,,,,4,,,,,,,,,,,,,,,2,,,,6,,,,,,,,,,,,,,,,,,,,,,,,,,,,,,,,,,,6,,,,,,,,,,,,18,,,,,,,,,,,74,,,,,,,,,,,,,,5,,,,,,,,,,,,,,8,,3,,,,3,12,6,47,,43,,,,,,,3,,,,,,1,51,,,,10,,,,,,,,,,,,4,,171,12,12,,,,,,5,,,,,,,,,,,,,,,,
160,tajo-main.tajo-main.tajo-common.tajo-common.org.apache.tajo.util,,2,1,4,,1,3,,15,1,4,3,19,3,5,11,19,17,,,,1,1,,,3,1,6,1,4,,,1,1,5,4,,,,,,,,,,3,,,,1,,,15,5,,5,1,,1,16,6,,,,,,,,2,1,45,2,14,,,8,,,27,1,,,,3,,,,,,1,,,,,,46,,15,,2,,,,,,,,10,,,29,26,2,8,4,2,6,2,4,16,12,,38,9,1,55,,,,,14,,3,27,3,2,57,2,6,36,2,,,9,,1,,,,,,,,,22,1,9,1,6,,18,4,13,,,,,,,,,,,,,,,,
161,tajo-main.tajo-main.tajo-common.tajo-common.org.apache.tajo,,,,7,,,24,,183,17,7,5,151,6,2,18,138,7,13,6,,,,30,,12,,3,1,9,7,,,,,16,,,,,,,,,,5,,1,,1,,,,24,,39,,,,,,1,,,,,1,,,,144,15,,,,1,2,1,58,,,,,,,,,,,,,,,56,,33,,4,1516,,7,,,,,,,,,9,12,97,,1,31,5,,24,17,,3,,68,,,,,,,,,,,,,,,,,4,,,1286,,1,,21,11,,,,,,,2,,,,5,47,,10,8,,,,,,,,,,,,,,,,
162,tajo-main.tajo-main.tajo-common.tajo-common.org.apache.tajo.conf,,15,,,3,,4,,9,3,2,6,15,,7,2,32,1,,,,,,,,4,3,5,,,,,7,5,,,1,,,,,,,,,,,,,1,,,11,,,3,,,,6,2,,2,1,,1,2,,,,6,,2,,,2,1,2,22,,,,,,,,,,,,,,,,,6,,,,1,2,1,,,,,,,,1,23,,5,6,6,,,1,,,,,14,,,,,,,,,,,,,,3,,,,,,,,2,,,,,,,,,1,8,,,23,,14,23,,,,,,,,,,,,,,,,,,
163,tajo-main.tajo-main.tajo-common.tajo-common.org.apache.tajo.exception,,,,6,,,52,,6,1,,,134,,,31,7,,5,1,,,,,,5,,,12,12,,,,,,4,,,,,,,,,,6,,10,,6,,,178,,,86,,36,,140,161,4,8,10,30,2,,8,1,,198,57,253,,,14,4,4,12,,,,,8,,,,,,,4,,,,,44,,77,,1,,3,,2,,,,,,,184,75,,12,109,30,6,115,116,85,37,137,296,49,,5,,,,2,17,140,1,83,,2,89,,,,,4,,,,7,,,,,5,,5,2,311,,,,33,6,4,2,,,,,,,,,,,,,,,,,
164,tajo-main.tajo-main.tajo-common.tajo-common.org.apache.tajo.rpc.protocolrecords,,,,3,,,12,,17,2,,,86,,7,,18,,,,,,,3,,,,,,2,3,,,,,2,,,,,,,,,,1,,,,,,,82,,,2,,,,1019,5,,,,,,,,,,68,3,32,,,,,,,,,,,,,,,,,,,,,126,,,,,334,,,,,,,,,,,,,210,,,,,,,,,,,,,,,,,,4,,,,,,,4,,,,,,1235,,,,,,,,,558,,,,,,,,49,1,,144,,,,,,,,,,,,,,,,
165,tajo-main.tajo-main.tajo-core.tajo-core.org.apache.tajo.engine.function.annotation,20,,,,,,,,,,,,,,,,,,,,,,,,,,,,,,,,,,,,,,,,,,,,,,,,,,,,,,,,,,,,,,,,,,,,,,,,,,,,,,,,,,,,,,,,,,,,150,,,,,,,15,26,,8,50,70,36,,,,,,,,,,,,,,,,,,,,,,,,,,,,,,,,,,,,,,,,,,,,,,,,,,,,,,,,,,,,,,,,,,,,,,,,,
166,tajo-main.tajo-main.tajo-common.tajo-common.org.apache.tajo.annotation,,,,,,,,,1,,,,,,,,,,,,,,,,,,,,,,,,,,,,,,,,,,,,,,,,,,,,1,,,3,,,,1,,,,,,,,,,,12,,2,,,,,,,,,,,,,,,,,,,,,,,,,,,,,,,,,,,,,,,1,,,,1,,3,,4,5,1,2,,,,,,,,,,,1,,,8,,2,,,,,,,9,,,,,1,,,,,,,,,3,,,,,,,,,,,,,,,,,,,
167,tajo-main.tajo-main.tajo-common.tajo-common.org.apache.tajo.common,32,,,,,,7,,2,,,,,,,108,3,51,,,,2,,1,,5,,,24,1,,,,,4,,,,,,,,,,,55,,89,,29,,,14,,4,,10,,,4,37,18,52,24,,,,43,,,28,40,26,,,31,4,,24,,,,,96,,,,,,,,,361,,,45,,58,,8,49,2,21,76,115,59,,1,,,92,179,18,52,10,12,,3,42,65,8,,99,2,,,,,,39,32,,2,113,13,1,255,2,36,6,28,,1,,4,,1,1,,,,236,33,,297,31,29,,203,3,,,14,,3,,,,,,,,,,,,,,
168,tajo-main.tajo-main.tajo-common.tajo-common.org.apache.tajo.datum.protobuf,,,,,,,,,,,,,,,,,,,,,,,,,,,,,,,,,,,,,,,,,,,,,,,,,,,,,,,,,,,,,,,,5,,,,,,,,,,,,7,,,,,,,,,,,,,,,,,,,,,,,,,,,,,,,,,,,9,,,7,,,,,,,,,,,,,,,,,,,,,,,,,,,,,,,,,,,,,,,,,5,,,,,,,,,,,,,,,,,,,,,,,,
169,tajo-main.tajo-main.tajo-common.tajo-common.org.apache.tajo.error,,,,7,,,,,13,,,,2,,,,2,,,10,,,,,9,,,,,2,,,,,,,,,,,,,,,,6,,,,,,,2,,,,,,,12,,,,,,,,,,,12,20,,,,,,,,,,,,,,,,,,,,,,,,,,,102,,,,,,,,,,,,,,,,,,,,15,,,,,,,,,,,,,,,,,,,,,,,4,,,,,,,,,,,,,,,,,,,,,420,67,,,,,,,,,,,,,,,
170,tajo-main.tajo-main.tajo-common.tajo-common.org.apache.tajo.validation,,,,,,,,,,,,,,,,,,,,,,,,,,,,,,,,,8,,,,,,,,,,,,,,,,,,,,,,,,,,,,,,,,,,,,,,,,,,,,,,,,,,,,,,,,,,,,,,,,,,,,,,,,,,,,,,,,,,,,,,4,,,,,,,,,,,,,,,,,,,,,,,,,,,,,,,,,,,,,,,,,,9,21,,,,,,,,,,,,,,,,,
171,tajo-main.tajo-main.tajo-thirdparty-asm.tajo-thirdparty-asm.org.apache.tajo.org.objectweb.asm.tree.analysis,,,,,,,,,,,,,,,,,,,,,,,,,,,,,,,,,,,,,,,,,,,,,,,,,,,,,,,,,,,,,,,,,,,,,,,,,,,,,,,,,,,,,,,,25,,,,,,,,,,,,,,,,,,,,,,,,,,,,,,,,,,,,,,,,,,,,,,,,,,,,,,,,,,,,,,,,,,,,,,,,,,,,,,,,,,,,,,,,,,,
172,tajo-main.tajo-main.tajo-thirdparty-asm.tajo-thirdparty-asm.org.apache.tajo.org.objectweb.asm.tree,,,,,,,,,,,,,,,,,,,,,,,,,,,,,,,,,,,,,,,,,,,,,,,,,,,,,,,,,,,,,,,,,,,,,,,,,,,,,,,,,,,,,,,106,27,,,,,,,,,,,,,,,,,,,,,,,,,,,,,,,,,,,,,,,,,,,,,,,,,,,,,,,,,,,,,,,,,,,,,,,,,,,,,,,,,,,178,,,,,,,,
173,tajo-main.tajo-main.tajo-thirdparty-asm.tajo-thirdparty-asm.org.apache.tajo.org.objectweb.asm,,,,,,,,,,,,,,,,,,,,,,,,,,,,,,,,,,,,,,,,,,,,,,,,,,,,,,,,,,,,,,,,,,,,,,,,,,,,,,,,,,,,194,195,141,872,289,,,,,,,,,,,,,,,,,,,,,,,,,,,,,,,,,,,,,,,,,,,,,,,,,,,,,,,,,,,,,,,,,,,,,,,,,,,,,,,,,,,107,134,,,,,,,
174,tajo-main.tajo-main.tajo-common.tajo-common.org.apache.tajo.ha,,,,,,,,,,,,,,,,,,,,,,,,,,,,,,,,,,,,,,,,,,,,,,,,,,,,,,,,,,,,,,,,,,,,,,,,,,,,,,,,,,,,,,,,,,,,,,,,,,,,,,,,,,,,,,,,,,,,,,,,,,,,,,,,,,,,,,,,,,,,,,,,,,,,,,,,,,,,,,,,,,,,,,,,,,,,,,,,,,,
175,tajo-main.tajo-main.tajo-common.tajo-common.org.apache.tajo.unit,,,,,,,,,,,,,,,,,,,,,,,,,,,,,,,,,,,,,,,,,,,,,,,,,,,,,,,,,,,,,,,,,,,,,,,,,,,,,,,,,,,,,,,,,,,,,,,,,,,,,,,,,,,,,,,,,,,,,,,,,,,,,,,,,,,,,,,,,,,,,,,,,,,,,,,,,,,,,,,,,,,,,,,,,,,,,,,,,,,
176,tajo-main.tajo-main.tajo-maven-plugins.tajo-maven-plugins.org.apache.tajo.maven.plugin.util,,,,,,,,,,,,,,,,,,,,,,,,,,,,,,,,,,,,,,,,,,,,,,,,,,,,,,,,,,,,,,,,,,,,,,,,,,,,,,,,,,,,,,,,,,,,,,,,,,,,,,,,,,,,,,,,,,,,,,,,,,,,,,,,4,4,,,,,,,,,,,,,,,,,,,,,,,,,,,,,,,,,,,,,,,,,,,,,,,,,,
177,tajo-main.tajo-main.tajo-rpc.tajo-rpc-protobuf.tajo-rpc-protobuf.org.apache.tajo.rpc.test,,,,,,,,,,,,,,,,,,,,,,,,,,,,,,,,,,,,,,,,,,,,,,,,,,,,,,,,,,,,,,,,,,,,,,,,,,,,,,,,,,,,,,,,,,,,,,,,,,,,,,,,,,,,,,,,,,,,,,,,,,,,,,,,,,,,,,,,,,,,,,,,,,,,,,,,,,,,,,,,,,,,,,,,,,,,,,,,,,,
178,tajo-main.tajo-main.tajo-storage.tajo-storage-common.tajo-storage-common.org.apache.tajo.storage.annotation,,,,,,,,,,,,,,,,,,,,,,,,,,,,,,,,,,,,,,,,,,,,,,,,,,,,,,,,,,,,,,,,,,,,,,,,,,,,,,,,,,,,,,,,,,,,,,,,,,,,,,,,,,,,,,,,,,,,,,,,,,,,,,,,,,,,,,,,,,,,,,,,,,,,,,,,,,,,,,,,,,,,,,,,,,,,,,,,,,,
179,tajo-main.tajo-main.tajo-storage.tajo-storage-hdfs.tajo-storage-hdfs.org.apache.tajo.storage.thirdparty.orc.util,,,,,,,,,,,,,,,,,,,,,,,,,,,,,,,,,,,,,,,,,,,,,,,,,,,,,,,,,,,,,,,,,,,,,,,,,,,,,,,,,,,,,,,,,,,,,,,,,,,,,,,,,,,,,,,,,,,,,,,,,,,,,,,,,,,,,,,,,,,,,,,,,,,,,,,,,,,,,,,,,,,,,,,,,,,,,,,,,,,
